schema_version,dataset,config,library,seed,aggregate_accuracy,train_time_sec,normal_recall,normal_precision,normal_support,dos_recall,dos_precision,dos_support,probe_recall,probe_precision,probe_support,r2l_recall,r2l_precision,r2l_support,u2r_recall,u2r_precision,u2r_support
rev1.0,nsl_kdd,lgb_baseline,lightgbm,0,0.5866749467707594,2.42,0.6007620224487694,0.9620712401055409,9711,0.9805577902923036,0.4459690206122698,7458,0.032631144155307726,0.9634146341463414,2421,0.0,,2754,0.0,,200
rev1.0,nsl_kdd,lgb_baseline,lightgbm,1,0.7130056777856636,2.27,0.9531459170013387,0.6687861271676301,9711,0.6800750871547332,0.8870234347674012,7458,0.6674927715819909,0.5941176470588235,2421,0.046840958605664486,0.821656050955414,2754,0.005,0.009174311926605505,200
rev1.0,nsl_kdd,lgb_baseline,lightgbm,2,0.7547019162526615,3.26,0.9707548141283081,0.6575294692055521,9711,0.7905604719764012,0.9618270799347471,7458,0.6344485749690211,0.80927291886196,2421,0.05192447349310094,0.9662162162162162,2754,0.06,0.3870967741935484,200
rev1.0,nsl_kdd,lgb_baseline,lightgbm,3,0.6524574166075231,2.66,0.9400679641643497,0.6553952186086582,9711,0.6414588361491016,0.8170794192997438,7458,0.3242461792647666,0.6898066783831283,2421,0.0039941902687000725,0.015193370165745856,2754,0.0,0.0,200
rev1.0,nsl_kdd,lgb_baseline,lightgbm,4,0.6128016323633783,2.45,0.9185459787869427,0.6772968868640851,9711,0.414722445695897,0.8799431009957326,7458,0.6720363486162743,0.5437834224598931,2421,0.0635439360929557,0.11551155115511551,2754,0.0,0.0,200
rev1.0,nsl_kdd,lgb_baseline,lightgbm,5,0.5969215755855216,2.56,0.9650911337658326,0.5545562130177515,9711,0.4313488871010995,0.7572975517890772,7458,0.33044196612969845,0.9090909090909091,2421,0.024691358024691357,0.17346938775510204,2754,0.0,0.0,200
rev1.0,nsl_kdd,lgb_baseline,lightgbm,6,0.61124911284599,2.7,0.7930182267531665,0.6913546997037436,9711,0.5927862697774202,0.8616254141492886,7458,0.6815365551425031,0.29411764705882354,2421,0.0,0.0,2754,0.04,0.01238390092879257,200
rev1.0,nsl_kdd,lgb_baseline,lightgbm,7,0.6970812633073101,2.55,0.9291525074657605,0.630714385572487,9711,0.7291499061410566,0.8423172242874845,7458,0.5179677819083024,0.7468731387730793,2421,0.0,0.0,2754,0.0,0.0,200
rev1.0,nsl_kdd,lgb_baseline,lightgbm,8,0.7062189496096523,2.54,0.8852847286582226,0.64917314807823,9711,0.799812282113167,0.877722189523249,7458,0.5439900867410161,0.690251572327044,2421,0.011982570806100218,0.19186046511627908,2754,0.045,0.021176470588235293,200
rev1.0,nsl_kdd,lgb_baseline,lightgbm,9,0.6147090134847409,2.43,0.7994027391617753,0.669454984477406,9711,0.797801019039957,0.551641016132023,7458,0.05989260636100785,0.8950617283950617,2421,0.0,,2754,0.0,,200
rev1.0,nsl_kdd,lgb_baseline,lightgbm,10,0.761444286728176,3.07,0.9703429101019463,0.6714886339342977,9711,0.8116116921426656,0.937722695584818,7458,0.5898389095415117,0.8302325581395349,2421,0.09513435003631082,0.842443729903537,2754,0.0,0.0,200
rev1.0,nsl_kdd,lgb_baseline,lightgbm,11,0.6891412349183819,2.8,0.9737411183194316,0.5915175778806455,9711,0.6118262268704746,0.9687898089171975,7458,0.5811648079306072,0.8218457943925234,2421,0.0374001452432825,0.865546218487395,2754,0.035,0.4117647058823529,200
rev1.0,nsl_kdd,lgb_baseline,lightgbm,12,0.7248935415188077,2.81,0.9091751621872104,0.6743297945467044,9711,0.7311611692142665,0.889414451149894,7458,0.5472945064023131,0.7418812989921613,2421,0.2668845315904139,0.4903268845897265,2754,0.0,0.0,200
rev1.0,nsl_kdd,lgb_baseline,lightgbm,13,0.7127395315826828,3.0,0.9685923179899083,0.6547859380438565,9711,0.7177527487262001,0.8236651792583475,7458,0.5406856670797191,0.8135487880671224,2421,0.0,,2754,0.0,0.0,200
rev1.0,nsl_kdd,lgb_baseline,lightgbm,14,0.7015170333569908,2.86,0.956544125218824,0.6441747572815534,9711,0.5714668812013944,0.9900116144018583,7458,0.8095828170177612,0.5725971370143149,2421,0.11038489469862019,0.9020771513353115,2754,0.0,0.0,200
rev1.0,nsl_kdd,lgb_baseline,lightgbm,15,0.4676188786373314,3.05,0.978272062609412,0.4544802181505047,9711,0.05242692410834004,1.0,7458,0.26848409748038,0.5258899676375405,2421,0.00036310820624546115,0.07142857142857142,2754,0.0,,200
rev1.0,nsl_kdd,lgb_baseline,lightgbm,16,0.4424237047551455,2.47,0.9845535990114304,0.5201283864650201,9711,0.049745240010726735,0.7681159420289855,7458,0.016935150764147047,0.12538226299694188,2421,0.00036310820624546115,0.006493506493506494,2754,0.0,0.0,200
rev1.0,nsl_kdd,lgb_baseline,lightgbm,17,0.5801987224982257,2.63,0.9202965708989805,0.6422104052888761,9711,0.4785465272190936,0.5575691298234651,7458,0.22139611730689798,0.2589371980676328,2421,0.013071895424836602,0.3025210084033613,2754,0.01,0.05263157894736842,200
rev1.0,nsl_kdd,lgb_baseline,lightgbm,18,0.7185947480482612,2.67,0.9187519308001235,0.6642346634901727,9711,0.7662912308930008,0.8917147760961148,7458,0.6439487814952499,0.6169370795409577,2421,0.0014524328249818446,0.05970149253731343,2754,0.0,0.0,200
rev1.0,nsl_kdd,lgb_baseline,lightgbm,19,0.6427430801987225,3.03,0.8838430645659562,0.6836320191158901,9711,0.6780638240815232,0.7617111010694382,7458,0.3502684840974804,0.30007077140835103,2421,0.00036310820624546115,0.0020491803278688526,2754,0.005,0.027777777777777776,200
rev1.0,nsl_kdd,lgb_baseline,lightgbm,20,0.5505234208658624,2.36,0.9114406343322006,0.655969762098866,9711,0.44676857066237596,0.7567567567567568,7458,0.003304419661296985,0.02373887240356083,2421,0.07952069716775599,0.06189937817976258,2754,0.005,0.00129366106080207,200
rev1.0,nsl_kdd,lgb_baseline,lightgbm,21,0.6142654364797729,2.45,0.9034085058181444,0.6263744109667285,9711,0.6276481630463931,0.7041215403128761,7458,0.1627426683188765,0.2106951871657754,2421,0.0,0.0,2754,0.0,0.0,200
rev1.0,nsl_kdd,lgb_baseline,lightgbm,22,0.43364088005677787,2.83,0.942127484296159,0.43233153766184673,9711,0.08380262805041566,0.4890453834115806,7458,0.0,0.0,2421,0.0007262164124909223,0.020618556701030927,2754,0.0,0.0,200
rev1.0,nsl_kdd,lgb_baseline,lightgbm,23,0.6584900638750887,2.35,0.8749871279991762,0.6533138551437798,9711,0.7507374631268436,0.7148876404494382,7458,0.2862453531598513,0.425414364640884,2421,0.020334059549745823,0.7272727272727273,2754,0.0,,200
rev1.0,nsl_kdd,lgb_baseline,lightgbm,24,0.6045954577714692,2.57,0.9150447945628668,0.5992716482330726,9711,0.615714668812014,0.7187353263421505,7458,0.06278397356464271,0.13755656108597286,2421,0.0,0.0,2754,0.0,0.0,200
rev1.0,nsl_kdd,lgb_baseline,lightgbm,25,0.5663591199432222,2.74,0.7871485943775101,0.7038674033149172,9711,0.4597747385358005,0.8268627923800338,7458,0.6988847583643123,0.29773007214499386,2421,0.0007262164124909223,0.0013468013468013469,2754,0.005,0.0027100271002710027,200
rev1.0,nsl_kdd,lgb_baseline,lightgbm,26,0.6436745919091554,2.49,0.8326639892904953,0.6978510399585742,9711,0.6200053633681952,0.8441036874771815,7458,0.7439074762494837,0.33009530791788855,2421,0.0,0.0,2754,0.0,0.0,200
rev1.0,nsl_kdd,lgb_baseline,lightgbm,27,0.6570262597586941,2.63,0.9326536916898363,0.7436571147056409,9711,0.7515419683561276,0.6285041489123122,7458,0.061957868649318466,0.10402219140083217,2421,0.0,0.0,2754,0.0,,200
rev1.0,nsl_kdd,lgb_baseline,lightgbm,28,0.7511533002129169,2.45,0.9659149418185563,0.6941463775623473,9711,0.8192544918208635,0.8540676544590439,7458,0.5650557620817844,0.7875647668393783,2421,0.027596223674655047,0.6666666666666666,2754,0.0,0.0,200
rev1.0,nsl_kdd,lgb_baseline,lightgbm,29,0.6687810503903477,2.4,0.9179281227473999,0.590370223193589,9711,0.6568785197103781,0.8439276485788114,7458,0.4969021065675341,0.7791450777202072,2421,0.02214960058097313,0.9384615384615385,2754,0.0,0.0,200
rev1.0,nsl_kdd,lgb_baseline,lightgbm,30,0.2942689850958126,2.75,0.07445165276490577,0.5715415019762846,9711,0.7228479485116653,0.2991509905110704,7458,0.214787277984304,0.19374068554396423,2421,0.0,0.0,2754,0.0,0.0,200
rev1.0,nsl_kdd,lgb_baseline,lightgbm,31,0.7431689141234918,2.26,0.8488312223251983,0.7584652189915347,9711,0.9381871815500135,0.7403449370436991,7458,0.6055349029326724,0.7140769605455431,2421,0.01670297748729121,0.7419354838709677,2754,0.01,0.01818181818181818,200
rev1.0,nsl_kdd,lgb_baseline,lightgbm,32,0.7459634492547906,2.5,0.9559262691792813,0.6855982274741507,9711,0.7333065164923572,0.9628521126760563,7458,0.7724080958281702,0.6332543176430748,2421,0.06971677559912855,0.75,2754,0.015,0.02608695652173913,200
rev1.0,nsl_kdd,lgb_baseline,lightgbm,33,0.7441447835344216,2.58,0.9485119967047678,0.6893429127376142,9711,0.7333065164923572,0.8927522037218414,7458,0.5952085914911194,0.7025841053144808,2421,0.23783587509077705,0.7269700332963374,2754,0.0,0.0,200
rev1.0,nsl_kdd,lgb_baseline,lightgbm,34,0.7488023420865862,2.68,0.9672536299042324,0.6648970057337015,9711,0.8105390185036203,0.9130040779338469,7458,0.5745559686080132,0.848170731707317,2421,0.01815541031227306,0.33783783783783783,2754,0.01,0.25,200
rev1.0,nsl_kdd,lgb_baseline,lightgbm,35,0.6442512420156139,2.65,0.8993924415611163,0.68831271179762,9711,0.5631536604987932,0.93938716170879,7458,0.6212308963238331,0.3720009893643334,2421,0.016339869281045753,0.5844155844155844,2754,0.205,0.03243670886075949,200
rev1.0,nsl_kdd,lgb_baseline,lightgbm,36,0.42592264017033354,2.65,0.8639686952939964,0.5005966587112172,9711,0.05618128184499866,0.3767985611510791,7458,0.31268071045022716,0.23393077873918416,2421,0.004720406681190995,0.0202808112324493,2754,0.115,0.028930817610062894,200
rev1.0,nsl_kdd,lgb_baseline,lightgbm,37,0.502040454222853,2.57,0.7744825455668829,0.6471347444501807,9711,0.4009117725931885,0.9825829773250082,7458,0.32300702189178027,0.3226072607260726,2421,0.002904865649963689,0.018475750577367205,2754,0.085,0.0033851055356431702,200
rev1.0,nsl_kdd,lgb_baseline,lightgbm,38,0.6397711142654364,2.49,0.9563381732056431,0.6263573211033925,9711,0.637704478412443,0.77320760851894,7458,0.041718298223874434,1.0,2421,0.10058097312999274,0.43622047244094486,2754,0.01,0.0024096385542168677,200
rev1.0,nsl_kdd,lgb_baseline,lightgbm,39,0.7416607523066004,2.53,0.9403768921841211,0.6835841006063328,9711,0.7780906409224994,0.9356659142212189,7458,0.6897976042957455,0.7201379905131522,2421,0.04030501089324619,0.2668269230769231,2754,0.02,0.016129032258064516,200
rev1.0,nsl_kdd,lgb_rowsub_only_freq0,lightgbm,0,0.6743257629524485,2.41,0.9489239007311296,0.6148662173884033,9711,0.6458836149101636,0.8357043719639139,7458,0.4770755885997522,0.6722933643771828,2421,0.0054466230936819175,0.2459016393442623,2754,0.0,0.0,200
rev1.0,nsl_kdd,lgb_rowsub_only_freq0,lightgbm,1,0.5917760823278921,2.55,0.9961898877561528,0.5137000849617672,9711,0.47023330651649237,0.9948936170212765,7458,0.06608839322593969,0.9815950920245399,2421,0.0,,2754,0.0,0.0,200
rev1.0,nsl_kdd,lgb_rowsub_only_freq0,lightgbm,2,0.5761178140525195,2.62,0.9345072598084646,0.5497667656145877,9711,0.3714132475194422,0.7703003337041157,7458,0.44568360181743083,0.6811868686868687,2421,0.020697167755991286,0.4830508474576271,2754,0.035,0.009472259810554804,200
rev1.0,nsl_kdd,lgb_rowsub_only_freq0,lightgbm,3,0.7148687012065295,2.59,0.8948614972711358,0.7084046629167685,9711,0.7115848753016895,0.8850900600400267,7458,0.7699297810821975,0.4820274114300491,2421,0.09259259259259259,0.6159420289855072,2754,0.0,,200
rev1.0,nsl_kdd,lgb_rowsub_only_freq0,lightgbm,4,0.6305890702625976,2.6,0.9356399958809597,0.6377482978872745,9711,0.6486993832126575,0.6238555770470664,7458,0.05163155720776538,0.8865248226950354,2421,0.06027596223674655,0.7312775330396476,2754,0.005,0.005747126436781609,200
rev1.0,nsl_kdd,lgb_rowsub_only_freq0,lightgbm,5,0.7040454222853088,2.79,0.9786839666357738,0.6181061394380853,9711,0.7256637168141593,0.9230769230769231,7458,0.3746385790995456,0.8405931417979611,2421,0.017792302106027596,0.6125,2754,0.0,0.0,200
rev1.0,nsl_kdd,lgb_rowsub_only_freq0,lightgbm,6,0.723429737402413,2.65,0.9522191329420245,0.6970450776420926,9711,0.7561008313220703,0.9033963473245754,7458,0.529946303180504,0.5542116630669547,2421,0.050835148874364564,0.2656546489563567,2754,0.0,0.0,200
rev1.0,nsl_kdd,lgb_rowsub_only_freq0,lightgbm,7,0.704888218594748,2.62,0.9561322211924621,0.6363947909527073,9711,0.6859747921694824,0.864043235939875,7458,0.5729037587773648,0.744098712446352,2421,0.0374001452432825,0.6319018404907976,2754,0.0,0.0,200
rev1.0,nsl_kdd,lgb_rowsub_only_freq0,lightgbm,8,0.691847054648687,2.64,0.9001132736072495,0.6152167792792793,9711,0.7170823277017967,0.8426028044745549,7458,0.5592730276745147,0.8241022519780888,2421,0.05337690631808279,0.5485074626865671,2754,0.035,0.08974358974358974,200
rev1.0,nsl_kdd,lgb_rowsub_only_freq0,lightgbm,9,0.6456263307310149,2.59,0.9239007311296468,0.6434770135551889,9711,0.638911236256369,0.8320237471625633,7458,0.3110285006195787,0.36660175267770206,2421,0.0196078431372549,0.3068181818181818,2754,0.055,0.017080745341614908,200
rev1.0,nsl_kdd,lgb_rowsub_only_freq0,lightgbm,10,0.6887420156139106,2.42,0.8568633508392545,0.7026091361985983,9711,0.6375703942075623,0.9296187683284457,7458,0.7967781908302355,0.41077512776831343,2421,0.18627450980392157,0.6294478527607362,2754,0.045,0.12,200
rev1.0,nsl_kdd,lgb_rowsub_only_freq0,lightgbm,11,0.44428672817601134,2.43,0.25167336010709507,0.988673139158576,9711,0.997586484312148,0.3751891074130106,7458,0.05452292441140025,0.9041095890410958,2421,0.0,0.0,2754,0.0,,200
rev1.0,nsl_kdd,lgb_rowsub_only_freq0,lightgbm,12,0.7205021291696239,2.54,0.8549068067140356,0.6532378629317807,9711,0.8260927862697774,0.8228930145585682,7458,0.6435357290375878,0.8089304257528557,2421,0.08061002178649238,0.5273159144893111,2754,0.0,0.0,200
rev1.0,nsl_kdd,lgb_rowsub_only_freq0,lightgbm,13,0.6317867281760113,2.64,0.9943363196375244,0.5853895119733252,9711,0.5797801019039958,0.9534729878721059,7458,0.10863279636513837,0.5883668903803132,2421,0.0,0.0,2754,0.0,0.0,200
rev1.0,nsl_kdd,lgb_rowsub_only_freq0,lightgbm,14,0.7298172462739532,2.5,0.9452167644938729,0.6750257390792763,9711,0.7645481362295522,0.9393739703459637,7458,0.6451879388682362,0.5927893738140417,2421,0.002904865649963689,0.14285714285714285,2754,0.01,0.010810810810810811,200
rev1.0,nsl_kdd,lgb_rowsub_only_freq0,lightgbm,15,0.7265347764371894,2.74,0.9451137884872824,0.730151153540175,9711,0.7327701796728345,0.9701757500443813,7458,0.6332094175960347,0.6419597989949749,2421,0.04974582425562818,0.5879828326180258,2754,0.33,0.03837209302325582,200
rev1.0,nsl_kdd,lgb_rowsub_only_freq0,lightgbm,16,0.5255056777856636,2.53,0.6002471424158171,0.5720314033366045,9711,0.7624027889514615,0.6851427882877456,7458,0.12391573729863693,0.11961722488038277,2421,0.010530137981118372,0.6744186046511628,2754,0.015,0.0019946808510638296,200
rev1.0,nsl_kdd,lgb_rowsub_only_freq0,lightgbm,17,0.7538147622427254,2.84,0.968283389970137,0.6667848532123103,9711,0.7872083668543846,0.9389093235247081,7458,0.5394465097067328,0.7646370023419203,2421,0.14996368917937544,0.8805970149253731,2754,0.005,0.08333333333333333,200
rev1.0,nsl_kdd,lgb_rowsub_only_freq0,lightgbm,18,0.5088271823988645,2.74,0.8665430954587581,0.7419980601357905,9711,0.12000536336819523,0.7415078707539354,7458,0.8318876497315159,0.2393914180435041,2421,0.05192447349310094,0.18915343915343916,2754,0.02,0.0048367593712212815,200
rev1.0,nsl_kdd,lgb_rowsub_only_freq0,lightgbm,19,0.26104506742370476,2.46,0.0978272062609412,0.7936507936507936,9711,0.10270850093858944,0.9445129469790382,7458,0.9054109871953738,0.25601494977808925,2421,0.7160493827160493,0.1651867984587033,2754,0.025,0.1388888888888889,200
rev1.0,nsl_kdd,lgb_rowsub_only_freq0,lightgbm,20,0.7207239176721079,2.83,0.9614869735351663,0.6194930997876857,9711,0.7212389380530974,0.9785337456794615,7458,0.5258157786038827,0.7785932721712538,2421,0.09404502541757444,0.7944785276073619,2754,0.0,0.0,200
rev1.0,nsl_kdd,lgb_rowsub_only_freq0,lightgbm,21,0.6198101490418737,2.81,0.6419524250849552,0.8857630008525149,9711,0.8585411638508984,0.48896525391370754,7458,0.5159025196199918,0.7738537794299876,2421,0.030501089324618737,0.16122840690978887,2754,0.015,0.010869565217391304,200
rev1.0,nsl_kdd,lgb_rowsub_only_freq0,lightgbm,22,0.6651437189496097,2.61,0.8578931109051591,0.7590196793002916,9711,0.6979082864038616,0.7574214202561118,7458,0.5456422965716646,0.30029552170947943,2421,0.05010893246187364,0.46621621621621623,2754,0.0,0.0,200
rev1.0,nsl_kdd,lgb_rowsub_only_freq0,lightgbm,23,0.7013396025550035,2.51,0.9172072907012666,0.6569553031420563,9711,0.7472512737999464,0.8314187677159481,7458,0.5311854605534903,0.5790184601530842,2421,0.016339869281045753,0.7258064516129032,2754,0.0,,200
rev1.0,nsl_kdd,lgb_rowsub_only_freq0,lightgbm,24,0.3643541518807665,2.59,0.2787560498403872,0.3702639857748598,9711,0.5139447573075892,0.4088969490078942,7458,0.19867823213548122,0.18157795394488485,2421,0.43318809005083514,0.4915533580552122,2754,0.0,0.0,200
rev1.0,nsl_kdd,lgb_rowsub_only_freq0,lightgbm,25,0.4696593328601845,2.68,0.9413036762434353,0.5069321206743567,9711,0.00978814695628855,0.15665236051502146,7458,0.46798843453118544,0.5013274336283186,2421,0.08496732026143791,0.3926174496644295,2754,0.035,0.0058823529411764705,200
rev1.0,nsl_kdd,lgb_rowsub_only_freq0,lightgbm,26,0.6335610361958836,2.74,0.9237977551230563,0.6574569439355075,9711,0.42719227674979887,0.8884551031790295,7458,0.7571251548946716,0.48827916888652106,2421,0.10348583877995643,0.3019067796610169,2754,0.04,0.013008130081300813,200
rev1.0,nsl_kdd,lgb_rowsub_only_freq0,lightgbm,27,0.21256210078069554,2.62,0.3612398311193492,0.2412820689180824,9711,0.1718959506570126,0.16184825148339857,7458,0.0008261049153242462,1.0,2421,0.0,0.0,2754,0.0,0.0,200
rev1.0,nsl_kdd,lgb_rowsub_only_freq0,lightgbm,28,0.644916607523066,2.82,0.9289465554525795,0.6223954739892369,9711,0.640922499329579,0.6929544795592926,7458,0.3048327137546468,0.6411815812337098,2421,0.0,,2754,0.0,0.0,200
rev1.0,nsl_kdd,lgb_rowsub_only_freq0,lightgbm,29,0.6328513129879347,2.74,0.9114406343322006,0.635117680826636,9711,0.7231161169214266,0.7385647767734868,7458,0.008261049153242462,0.035398230088495575,2421,0.0007262164124909223,0.006493506493506494,2754,0.005,0.0023094688221709007,200
rev1.0,nsl_kdd,lgb_rowsub_only_freq0,lightgbm,30,0.6792938254080908,2.45,0.9426423643291113,0.6289679813109798,9711,0.6938857602574416,0.8522727272727273,7458,0.39942172655927305,0.5232683982683982,2421,0.006535947712418301,0.3157894736842105,2754,0.0,0.0,200
rev1.0,nsl_kdd,lgb_rowsub_only_freq0,lightgbm,31,0.6287260468417317,2.66,0.9118525383585625,0.5997697101056624,9711,0.6051220166264414,0.8503862822687017,7458,0.32961586121437425,0.5850439882697948,2421,0.0,0.0,2754,0.04,0.057971014492753624,200
rev1.0,nsl_kdd,lgb_rowsub_only_freq0,lightgbm,32,0.6774308019872249,2.58,0.9473792606322727,0.6615849273694808,9711,0.6505765620809869,0.7884302892427689,7458,0.5039239983477901,0.4985696771557009,2421,0.0,,2754,0.0,0.0,200
rev1.0,nsl_kdd,lgb_rowsub_only_freq0,lightgbm,33,0.6878548616039745,2.62,0.8437853980022655,0.6615533667043436,9711,0.7841244301421293,0.832811164910282,7458,0.6051218504750103,0.49526707234617984,2421,0.0,0.0,2754,0.0,0.0,200
rev1.0,nsl_kdd,lgb_rowsub_only_freq0,lightgbm,34,0.7047995031937544,2.52,0.9559262691792813,0.6611823361823361,9711,0.7071600965406275,0.9064970780336885,7458,0.5349029326724494,0.5867693701857726,2421,0.006899055918663762,0.5757575757575758,2754,0.09,0.04035874439461883,200
rev1.0,nsl_kdd,lgb_rowsub_only_freq0,lightgbm,35,0.6418559261887864,2.59,0.9138090824837812,0.7038388324873096,9711,0.5190399570930544,0.853206964954816,7458,0.6790582403965304,0.4084472049689441,2421,0.01561365286855483,0.5512820512820513,2754,0.19,0.029320987654320986,200
rev1.0,nsl_kdd,lgb_rowsub_only_freq0,lightgbm,36,0.7210787792760823,2.65,0.9578828133045001,0.6708979444644789,9711,0.7212389380530974,0.8508383422967415,7458,0.6406443618339529,0.7438848920863309,2421,0.008714596949891068,0.12371134020618557,2754,0.0,0.0,200
rev1.0,nsl_kdd,lgb_rowsub_only_freq0,lightgbm,37,0.7067955997161107,2.71,0.9746679023787458,0.6440528034839412,9711,0.8184499865915795,0.8264283780124559,7458,0.1429161503510946,0.7899543378995434,2421,0.006899055918663762,1.0,2754,0.0,0.0,200
rev1.0,nsl_kdd,lgb_rowsub_only_freq0,lightgbm,38,0.1797374024130589,2.54,0.10256410256410256,0.564625850340136,9711,0.14668812013944757,0.6578472639807577,7458,0.4849235852953325,0.08815137408019222,2421,0.24001452432824982,0.2325826882477129,2754,0.635,0.04294893473114643,200
rev1.0,nsl_kdd,lgb_rowsub_only_freq0,lightgbm,39,0.7259137686302342,2.54,0.9496447327772629,0.7209756860292393,9711,0.7220434432823813,0.9542796384901648,7458,0.49814126394052044,0.6748740906547286,2421,0.2000726216412491,0.29091869060190073,2754,0.005,0.002331002331002331,200
rev1.0,nsl_kdd,lgb_no_subsampling,lightgbm,0,0.5850780695528743,2.6,0.8941406652250026,0.612773465067043,9711,0.414722445695897,0.7359029264810849,7458,0.5836431226765799,0.3459843290891283,2421,0.00036310820624546115,0.01818181818181818,2754,0.0,0.0,200
rev1.0,nsl_kdd,lgb_no_subsampling,lightgbm,1,0.6944198012775018,2.57,0.9163834826485429,0.6309557572319909,9711,0.6208098685974792,0.8999028182701652,7458,0.7100371747211895,0.7596111356606274,2421,0.14778503994190267,0.47435897435897434,2754,0.0,0.0,200
rev1.0,nsl_kdd,lgb_no_subsampling,lightgbm,2,0.6670067423704755,2.71,0.9798167027082689,0.5764570459226948,9711,0.6297935103244838,0.9308363059849386,7458,0.34076827757125155,0.8333333333333334,2421,0.0,0.0,2754,0.0,,200
rev1.0,nsl_kdd,lgb_no_subsampling,lightgbm,3,0.7447657913413769,2.71,0.9528369889815673,0.6741221040361358,9711,0.7585143470099223,0.9156685011330528,7458,0.7389508467575382,0.7491624790619765,2421,0.033042846768336964,0.3888888888888889,2754,0.0,0.0,200
rev1.0,nsl_kdd,lgb_no_subsampling,lightgbm,4,0.684971611071682,2.48,0.9266810833075894,0.6336877684670094,9711,0.7480557790292304,0.8505869797225186,7458,0.3543990086741016,0.5171790235081374,2421,0.002178649237472767,0.09375,2754,0.0,0.0,200
rev1.0,nsl_kdd,lgb_no_subsampling,lightgbm,5,0.6702004968062456,2.47,0.9642673257131088,0.625392372937955,9711,0.5681147760793779,0.965587967183227,7458,0.5650557620817844,0.48322147651006714,2421,0.04974582425562818,0.9647887323943662,2754,0.015,0.014285714285714285,200
rev1.0,nsl_kdd,lgb_no_subsampling,lightgbm,6,0.6024662881476224,2.5,0.7717021933889404,0.615827101651738,9711,0.6151783319924913,0.9038613081166272,7458,0.6096654275092936,0.29262490087232357,2421,0.008714596949891068,0.7741935483870968,2754,0.0,0.0,200
rev1.0,nsl_kdd,lgb_no_subsampling,lightgbm,7,0.5113112136266856,2.55,0.9845535990114304,0.4728486646884273,9711,0.16371681415929204,0.9783653846153846,7458,0.3077240809582817,0.6923791821561338,2421,0.0,,2754,0.0,,200
rev1.0,nsl_kdd,lgb_no_subsampling,lightgbm,8,0.7038236337828248,2.61,0.9078364741015343,0.6363505124873683,9711,0.7613301153124162,0.9299050114641336,7458,0.5361420900454358,0.5740822644847413,2421,0.02578068264342774,0.47019867549668876,2754,0.02,0.023255813953488372,200
rev1.0,nsl_kdd,lgb_no_subsampling,lightgbm,9,0.5243967352732435,2.49,0.8120687879724025,0.6039672206479283,9711,0.5150174309466344,0.559586247086247,7458,0.0214787277984304,0.8813559322033898,2421,0.014887436456063908,0.08471074380165289,2754,0.01,0.0009615384615384616,200
rev1.0,nsl_kdd,lgb_no_subsampling,lightgbm,10,0.4219748048261178,2.52,0.809082483781279,0.6777365651686362,9711,0.039286672030034865,0.7094430992736077,7458,0.530359355638166,0.17067659178519207,2421,0.02868554829339143,0.07632850241545894,2754,0.0,0.0,200
rev1.0,nsl_kdd,lgb_no_subsampling,lightgbm,11,0.6719748048261178,2.43,0.9121614663783338,0.6213960014030165,9711,0.6857066237597211,0.7453723946946509,7458,0.4861627426683189,0.8485940879596251,2421,0.0,0.0,2754,0.0,0.0,200
rev1.0,nsl_kdd,lgb_no_subsampling,lightgbm,12,0.43767743080198723,2.34,0.9966017917825146,0.4605501094508423,9711,0.0,,7458,0.07806691449814127,0.5675675675675675,2421,0.0,0.0,2754,0.0,0.0,200
rev1.0,nsl_kdd,lgb_no_subsampling,lightgbm,13,0.5991394606103619,2.49,0.923488827103285,0.6535490453286693,9711,0.4942343791901314,0.6339869281045751,7458,0.352333746385791,0.47627024008933555,2421,0.0,0.0,2754,0.0,0.0,200
rev1.0,nsl_kdd,lgb_no_subsampling,lightgbm,14,0.6431422995031938,2.59,0.8959942333436309,0.6225672581568403,9711,0.6828908554572272,0.6773507115307886,7458,0.29037587773647255,0.6772639691714836,2421,0.0007262164124909223,0.5,2754,0.0,0.0,200
rev1.0,nsl_kdd,lgb_no_subsampling,lightgbm,15,0.6777413058907026,2.72,0.963649469673566,0.6085316686175055,9711,0.6301957629391258,0.9085636961144403,7458,0.42585708384964893,0.6218335343787696,2421,0.06899055918663761,0.5705705705705706,2754,0.0,0.0,200
rev1.0,nsl_kdd,lgb_no_subsampling,lightgbm,16,0.6881210078069553,2.88,0.9424364123159303,0.6191313759978352,9711,0.6226870474658085,0.9047340736411456,7458,0.644361833952912,0.7467687888942077,2421,0.05591866376180102,0.6581196581196581,2754,0.015,0.00980392156862745,200
rev1.0,nsl_kdd,lgb_no_subsampling,lightgbm,17,0.6595990063875089,2.48,0.847904438265884,0.7398023360287511,9711,0.7732636095467954,0.5764117941029485,7458,0.35894258570838494,0.6167494677075941,2421,0.0,,2754,0.0,,200
rev1.0,nsl_kdd,lgb_no_subsampling,lightgbm,18,0.579666430092264,2.45,0.9916589434661723,0.5138740661686233,9711,0.3529096272459104,0.9996202050892518,7458,0.3329202808756712,0.8995535714285714,2421,0.0,0.0,2754,0.0,0.0,200
rev1.0,nsl_kdd,lgb_no_subsampling,lightgbm,19,0.6728176011355571,2.56,0.950571516836577,0.6418886030178708,9711,0.645347278090641,0.8188159237835999,7458,0.4642709624122264,0.533713200379867,2421,0.0,0.0,2754,0.0,0.0,200
rev1.0,nsl_kdd,lgb_no_subsampling,lightgbm,20,0.7321682044002839,2.73,0.9626197096076614,0.6834332504752156,9711,0.7526146419951729,0.9479817598378653,7458,0.5349029326724494,0.7429718875502008,2421,0.07806826434277414,0.45454545454545453,2754,0.175,0.04801097393689986,200
rev1.0,nsl_kdd,lgb_no_subsampling,lightgbm,21,0.6595990063875089,2.68,0.8938317372052312,0.6884517766497462,9711,0.637302225797801,0.7620650953984287,7458,0.2647666253614209,0.4533239038189533,2421,0.28903413217138707,0.4359255202628697,2754,0.0,0.0,200
rev1.0,nsl_kdd,lgb_no_subsampling,lightgbm,22,0.6002927608232789,2.56,0.9646792297394707,0.5458571262090666,9711,0.4282649503888442,0.9097123326687553,7458,0.3651383725733168,0.6748091603053435,2421,0.029411764705882353,0.4682080924855491,2754,0.03,0.015463917525773196,200
rev1.0,nsl_kdd,lgb_no_subsampling,lightgbm,23,0.5587295954577715,2.48,0.8307074451652765,0.6066325763272673,9711,0.4436846339501207,0.6632591701743836,7458,0.49648905410987193,0.5534069981583793,2421,0.00036310820624546115,0.2,2754,0.085,0.008173076923076924,200
rev1.0,nsl_kdd,lgb_no_subsampling,lightgbm,24,0.616084102200142,2.41,0.936360827927093,0.6211489855864472,9711,0.6332796996513811,0.6037325834078998,7458,0.02643535729037588,0.9552238805970149,2421,0.002541757443718228,0.5384615384615384,2754,0.01,1.0,200
rev1.0,nsl_kdd,lgb_no_subsampling,lightgbm,25,0.6800922640170334,2.56,0.8762228400782618,0.7118119457922034,9711,0.7369267900241352,0.7812366737739872,7458,0.4973151590251962,0.3898963730569948,2421,0.04429920116194626,0.2785388127853881,2754,0.005,0.034482758620689655,200
rev1.0,nsl_kdd,lgb_no_subsampling,lightgbm,26,0.7156227821149752,2.46,0.9537637730408814,0.6943028485757121,9711,0.6823545186377045,0.8742484109259577,7458,0.7174721189591078,0.5721343873517787,2421,0.013071895424836602,0.32142857142857145,2754,0.045,0.03829787234042553,200
rev1.0,nsl_kdd,lgb_no_subsampling,lightgbm,27,0.6855926188786373,2.61,0.9646792297394707,0.6187991280797939,9711,0.6764548136229552,0.8708786466424996,7458,0.37092110698058656,0.6441893830703013,2421,0.04938271604938271,0.8774193548387097,2754,0.045,0.14285714285714285,200
rev1.0,nsl_kdd,lgb_no_subsampling,lightgbm,28,0.41017565649396737,2.55,0.5964370301719699,0.387088150771904,9711,0.4255832662912309,0.43491367497944644,7458,0.1160677406030566,0.9929328621908127,2421,0.0,,2754,0.0,,200
rev1.0,nsl_kdd,lgb_no_subsampling,lightgbm,29,0.43909687721788504,2.8,0.9966017917825146,0.43496629213483146,9711,0.0033521051220166266,1.0,7458,0.0004130524576621231,0.02702702702702703,2421,0.07080610021786492,0.8405172413793104,2754,0.0,,200
rev1.0,nsl_kdd,lgb_no_subsampling,lightgbm,30,0.5294978708303761,2.71,0.9543816290804242,0.49088983050847457,9711,0.306650576562081,0.9891868512110726,7458,0.0698058653448988,0.18017057569296374,2421,0.07734204793028322,0.7830882352941176,2754,0.0,0.0,200
rev1.0,nsl_kdd,lgb_no_subsampling,lightgbm,31,0.7378016323633783,2.56,0.968283389970137,0.6545315327857442,9711,0.7831858407079646,0.9581692913385826,7458,0.5497728211482859,0.7289156626506024,2421,0.020334059549745823,0.5833333333333334,2754,0.01,0.0125,200
rev1.0,nsl_kdd,lgb_no_subsampling,lightgbm,32,0.6438076650106459,2.72,0.8628359592215014,0.6882700837851158,9711,0.6366318047733976,0.6058440729871124,7458,0.3738124741842214,0.7504145936981758,2421,0.17501815541031226,0.3632253202712886,2754,0.0,,200
rev1.0,nsl_kdd,lgb_no_subsampling,lightgbm,33,0.5704843860894251,2.67,0.9370816599732262,0.6701524412696075,9711,0.3341378385626173,0.917188075082812,7458,0.5237505163155721,0.4719017491626349,2421,0.00036310820624546115,0.007874015748031496,2754,0.0,0.0,200
rev1.0,nsl_kdd,lgb_no_subsampling,lightgbm,34,0.3984208658623137,2.65,0.15642055401091545,0.9895765472312703,9711,0.9993295789755967,0.35590468459003866,7458,0.004130524576621231,1.0,2421,0.0,0.0,2754,0.0,0.0,200
rev1.0,nsl_kdd,lgb_no_subsampling,lightgbm,35,0.6710876508161817,2.49,0.9436721243950159,0.6715028944090277,9711,0.6512469831053902,0.7679051383399209,7458,0.4494010739363899,0.4404858299595142,2421,0.007262164124909223,0.5714285714285714,2754,0.0,0.0,200
rev1.0,nsl_kdd,lgb_no_subsampling,lightgbm,36,0.23820085166784954,2.58,0.0068993924415611165,0.04536222071767095,9711,0.6586216143738267,0.46843410261300783,7458,0.09293680297397769,0.5555555555555556,2421,0.0,0.0,2754,0.83,0.01651084145613686,200
rev1.0,nsl_kdd,lgb_no_subsampling,lightgbm,37,0.564540454222853,2.6,0.659870250231696,0.6728971962616822,9711,0.7363904532046125,0.523795898903195,7458,0.3056588186699711,0.7948442534908701,2421,0.03159041394335512,0.05930470347648262,2754,0.0,0.0,200
rev1.0,nsl_kdd,lgb_no_subsampling,lightgbm,38,0.4972054648687012,2.61,0.31593038821954483,0.884149855907781,9711,0.9942343791901314,0.4155924223741733,7458,0.2982238744320529,0.6134239592183517,2421,0.0014524328249818446,0.1111111111111111,2754,0.0,0.0,200
rev1.0,nsl_kdd,lgb_no_subsampling,lightgbm,39,0.3293115684882896,2.69,0.5684275563793636,0.5071198897565456,9711,0.2378653794582998,0.6021724372029871,7458,0.05328376703841388,0.03614457831325301,2421,0.00036310820624546115,0.0010799136069114472,2754,0.0,0.0,200
rev1.0,nsl_kdd,lgb_bagging_freq1,lightgbm,0,0.724804826117814,2.45,0.9684893419833179,0.6722178543349296,9711,0.8317243228747654,0.8258554120623086,7458,0.2771581990912846,0.6953367875647668,2421,0.02214960058097313,0.7922077922077922,2754,0.0,,200
rev1.0,nsl_kdd,lgb_bagging_freq1,lightgbm,1,0.25896025550035484,2.53,0.029657089898053754,0.5725646123260437,9711,0.37664253150978816,0.28474404460212877,7458,0.9591078066914498,0.19852941176470587,2421,0.1521423384168482,0.9030172413793104,2754,0.0,0.0,200
rev1.0,nsl_kdd,lgb_bagging_freq1,lightgbm,2,0.7284421575585521,2.54,0.9564411492122336,0.6509215782465485,9711,0.7256637168141593,0.9226048414592567,7458,0.6546881453944651,0.7220956719817767,2421,0.04974582425562818,0.6492890995260664,2754,0.0,0.0,200
rev1.0,nsl_kdd,lgb_bagging_freq1,lightgbm,3,0.6674059616749468,2.59,0.9815672948203069,0.5694826144103238,9711,0.6319388576025744,0.9675631287210018,7458,0.3308550185873606,0.902027027027027,2421,0.0,0.0,2754,0.0,0.0,200
rev1.0,nsl_kdd,lgb_bagging_freq1,lightgbm,4,0.6399929027679205,2.58,0.8507877664504171,0.614549241297233,9711,0.7815768302493966,0.6802427354417084,7458,0.13919867823213547,0.6419047619047619,2421,0.0,0.0,2754,0.0,,200
rev1.0,nsl_kdd,lgb_bagging_freq1,lightgbm,5,0.613999290276792,2.44,0.8498609823911029,0.6665320626716201,9711,0.7118530437114508,0.6404101326899879,7458,0.0,,2421,0.10167029774872913,0.17532874139010646,2754,0.0,0.0,200
rev1.0,nsl_kdd,lgb_bagging_freq1,lightgbm,6,0.6383960255500355,2.46,0.8668520234785295,0.7238799552842032,9711,0.7495307052829177,0.6192533510579373,7458,0.15861214374225527,0.2121546961325967,2421,0.0,0.0,2754,0.0,0.0,200
rev1.0,nsl_kdd,lgb_bagging_freq1,lightgbm,7,0.7602022711142654,3.39,0.9713726701678509,0.658223431721443,9711,0.7984714400643604,0.9623464770523594,7458,0.6348616274266832,0.858659217877095,2421,0.0718954248366013,0.9705882352941176,2754,0.075,0.4838709677419355,200
rev1.0,nsl_kdd,lgb_bagging_freq1,lightgbm,8,0.7067068843151171,2.27,0.9314179796107507,0.6256052012726518,9711,0.7325020112630732,0.8631695370516669,7458,0.5225113589425857,0.8724137931034482,2421,0.05737109658678286,0.6220472440944882,2754,0.005,0.018867924528301886,200
rev1.0,nsl_kdd,lgb_bagging_freq1,lightgbm,9,0.4740951029098652,2.35,0.8568633508392545,0.6942845223195662,9711,0.0005363368195226602,0.5714285714285714,7458,0.9760429574555969,0.22395981423561748,2421,0.0,0.0,2754,0.0,,200
rev1.0,nsl_kdd,lgb_bagging_freq1,lightgbm,10,0.48984208658623135,2.66,0.9841416949850684,0.5198825001359952,9711,0.15969428801287208,0.5801266439357039,7458,0.12185047501032631,0.4974704890387858,2421,0.0,,2754,0.0,0.0,200
rev1.0,nsl_kdd,lgb_bagging_freq1,lightgbm,11,0.7138928317955997,2.86,0.9089692101740294,0.7092808356769787,9711,0.7796996513810673,0.8566588096641131,7458,0.5807517554729451,0.4811772758384668,2421,0.014887436456063908,0.1132596685082873,2754,0.025,0.18518518518518517,200
rev1.0,nsl_kdd,lgb_bagging_freq1,lightgbm,12,0.5829932576295245,2.68,0.9364638039336834,0.5157375375715987,9711,0.4420756234915527,0.8597131681877445,7458,0.2552664188351921,0.9903846153846154,2421,0.048656499636891795,0.3308641975308642,2754,0.0,0.0,200
rev1.0,nsl_kdd,lgb_bagging_freq1,lightgbm,13,0.7144694819020582,2.99,0.9449078364741015,0.6460606914032246,9711,0.7252614641995173,0.933551950293407,7458,0.6274266831887649,0.7490138067061144,2421,0.0,0.0,2754,0.015,0.007371007371007371,200
rev1.0,nsl_kdd,lgb_bagging_freq1,lightgbm,14,0.7267122072391767,2.79,0.9316239316239316,0.7420439632545932,9711,0.8243496916063288,0.8031352057478772,7458,0.47624948368442793,0.5446386395843175,2421,0.010893246187363835,0.379746835443038,2754,0.025,0.00998003992015968,200
rev1.0,nsl_kdd,lgb_bagging_freq1,lightgbm,15,0.6880322924059616,2.74,0.8958912573370404,0.7043964051493806,9711,0.7232502011263073,0.777569554562491,7458,0.5824039653035935,0.4619921363040629,2421,0.0018155410312273058,0.1388888888888889,2754,0.01,0.011904761904761904,200
rev1.0,nsl_kdd,lgb_bagging_freq1,lightgbm,16,0.759847409510291,2.89,0.907321594068582,0.7140194489465154,9711,0.855054974524001,0.888532813153128,7458,0.5885997521685254,0.78039430449069,2421,0.1877269426289034,0.6011627906976744,2754,0.0,0.0,200
rev1.0,nsl_kdd,lgb_bagging_freq1,lightgbm,17,0.3834279630943932,2.58,0.14601997734527855,0.7416317991631799,9711,0.9238401716277822,0.47612466311934215,7458,0.13217678645187939,0.32553407934893186,2421,0.004720406681190995,0.6842105263157895,2754,0.015,0.0005815080441946114,200
rev1.0,nsl_kdd,lgb_bagging_freq1,lightgbm,18,0.7287970191625266,2.93,0.9503655648233962,0.691777228093846,9711,0.7567712523464736,0.8564491654021245,7458,0.6191656340355225,0.6458423093494183,2421,0.01670297748729121,0.22330097087378642,2754,0.06,0.13953488372093023,200
rev1.0,nsl_kdd,lgb_bagging_freq1,lightgbm,19,0.4098651525904897,2.84,0.0752754608176295,0.9891745602165088,9711,0.9924912845266828,0.36266536011758943,7458,0.45642296571664603,0.8448012232415902,2421,0.0007262164124909223,0.2,2754,0.0,0.0,200
rev1.0,nsl_kdd,lgb_bagging_freq1,lightgbm,20,0.30500354861603973,2.74,0.027391617753063535,0.12844036697247707,9711,0.8572003218020917,0.3174595292481875,7458,0.08963238331268071,0.6575757575757576,2421,0.0,0.0,2754,0.0,0.0,200
rev1.0,nsl_kdd,lgb_bagging_freq1,lightgbm,21,0.5937721788502484,2.64,0.8869323447636701,0.5416299836498554,9711,0.5961383748994369,0.8666666666666667,7458,0.13424204874019,0.32894736842105265,2421,0.0007262164124909223,0.004140786749482402,2754,0.0,0.0,200
rev1.0,nsl_kdd,lgb_bagging_freq1,lightgbm,22,0.4086674946770759,2.81,0.8042426114715271,0.4123765774328106,9711,0.08500938589434165,0.7196367763904654,7458,0.28913672036348614,0.3621314019658562,2421,0.02505446623093682,0.0888030888030888,2754,0.0,0.0,200
rev1.0,nsl_kdd,lgb_bagging_freq1,lightgbm,23,0.6573811213626686,2.96,0.8814746164143754,0.6812574612017509,9711,0.7713864306784661,0.935295073971712,7458,0.16150351094589013,0.227061556329849,2421,0.04212055192447349,0.08957528957528957,2754,0.0,0.0,200
rev1.0,nsl_kdd,lgb_bagging_freq1,lightgbm,24,0.6624822569198012,2.6,0.848316342292246,0.7302544100700292,9711,0.8748994368463395,0.6220209723546235,7458,0.07104502271788517,0.8113207547169812,2421,0.0,,2754,0.0,0.0,200
rev1.0,nsl_kdd,lgb_bagging_freq1,lightgbm,25,0.438653300212917,2.73,0.9878488312223253,0.4336015187127102,9711,0.0,,7458,0.12185047501032631,0.7301980198019802,2421,0.00036310820624546115,0.1111111111111111,2754,0.0,0.0,200
rev1.0,nsl_kdd,lgb_bagging_freq1,lightgbm,26,0.6525017743080199,2.71,0.9305941715580269,0.6712471217410682,9711,0.7271386430678466,0.6446742748454589,7458,0.06030565881866997,0.6547085201793722,2421,0.03776325344952796,0.25120772946859904,2754,0.0,0.0,200
rev1.0,nsl_kdd,lgb_bagging_freq1,lightgbm,27,0.6812455642299503,2.76,0.9077334980949439,0.6828040278853602,9711,0.7400107267363905,0.8451761102603369,7458,0.19991738950846757,0.5880923450789793,2421,0.17247639796659406,0.3070458952811894,2754,0.325,0.0885558583106267,200
rev1.0,nsl_kdd,lgb_bagging_freq1,lightgbm,28,0.7044002838892832,2.87,0.9476881886520441,0.622918640855557,9711,0.7026012335746848,0.8987993138936535,7458,0.5844692275919041,0.7702776265650517,2421,0.007988380537400145,0.2716049382716049,2754,0.0,0.0,200
rev1.0,nsl_kdd,lgb_bagging_freq1,lightgbm,29,0.6994322214336409,2.84,0.9286376274328082,0.6908756607676396,9711,0.6922767497988737,0.8484798685291701,7458,0.6555142503097894,0.4702222222222222,2421,0.0,0.0,2754,0.0,0.0,200
rev1.0,nsl_kdd,lgb_bagging_freq1,lightgbm,30,0.6628814762242725,2.93,0.9730202862732983,0.6004702592780885,9711,0.5437114507910968,0.978051133622769,7458,0.4382486575795126,0.7508846426043878,2421,0.13761801016702976,0.31219110378912684,2754,0.0,0.0,200
rev1.0,nsl_kdd,lgb_bagging_freq1,lightgbm,31,0.6820883605393896,2.55,0.9610750695088045,0.6078150439596223,9711,0.6865111289890051,0.8561872909698997,7458,0.3787691036761669,0.7804255319148936,2421,0.002541757443718228,0.3181818181818182,2754,0.0,0.0,200
rev1.0,nsl_kdd,lgb_bagging_freq1,lightgbm,32,0.6664300922640171,2.55,0.9285346514262177,0.6498270394926492,9711,0.7015285599356396,0.7851140456182473,7458,0.31474597273853777,0.5237113402061856,2421,0.0036310820624546117,0.049019607843137254,2754,0.015,0.008695652173913044,200
rev1.0,nsl_kdd,lgb_bagging_freq1,lightgbm,33,0.32904542228530875,2.78,0.3988260735248687,0.5116924296472454,9711,0.29753285063019574,0.9783950617283951,7458,0.1697645600991326,0.09090909090909091,2421,0.332244008714597,0.1412037037037037,2754,0.0,0.0,200
rev1.0,nsl_kdd,lgb_bagging_freq1,lightgbm,34,0.6891855926188787,2.35,0.9099989702399341,0.662891005926037,9711,0.7169482434969161,0.8348165495706479,7458,0.5159025196199918,0.5939134569662388,2421,0.03776325344952796,0.40784313725490196,2754,0.0,0.0,200
rev1.0,nsl_kdd,lgb_bagging_freq1,lightgbm,35,0.7176188786373314,2.79,0.9249304911955515,0.6796821793416572,9711,0.7662912308930008,0.8548990276738968,7458,0.5824039653035935,0.7634001082837033,2421,0.02287581699346405,0.5943396226415094,2754,0.04,0.011577424023154847,200
rev1.0,nsl_kdd,lgb_bagging_freq1,lightgbm,36,0.7209457061745919,2.86,0.9236947791164659,0.6940575673166203,9711,0.7036739072137302,0.9029593943565037,7458,0.5064023130937629,0.5562613430127041,2421,0.2915758896151053,0.6162701458173446,2754,0.03,0.019933554817275746,200
rev1.0,nsl_kdd,lgb_bagging_freq1,lightgbm,37,0.5277679205110007,2.51,0.9165894346617238,0.5012106537530266,9711,0.38964869938321267,0.6194841185248348,7458,0.0375877736472532,0.9680851063829787,2421,0.0,,2754,0.0,,200
rev1.0,nsl_kdd,lgb_bagging_freq1,lightgbm,38,0.6206973030518098,2.78,0.9118525383585625,0.6461145567311201,9711,0.46983105390185037,0.9044914816726898,7458,0.6472532011565468,0.3504025044722719,2421,0.024328249818445898,0.7282608695652174,2754,0.0,0.0,200
rev1.0,nsl_kdd,lgb_bagging_freq1,lightgbm,39,0.6238910574875799,2.38,0.719081454021213,0.7974192074911499,9711,0.8514347009922231,0.5494030109015401,7458,0.19248244527054936,0.2607722439843313,2421,0.09658678286129267,0.6018099547511312,2754,0.0,,200
rev1.0,nsl_kdd,lgb_l2_reg1,lightgbm,0,0.7619765791341376,3.87,0.9718875502008032,0.6632466619817288,9711,0.7815768302493966,0.9617224880382775,7458,0.6505576208178439,0.824607329842932,2421,0.1187363834422658,0.9879154078549849,2754,0.045,0.75,200
rev1.0,nsl_kdd,lgb_l2_reg1,lightgbm,1,0.7622427253371186,3.72,0.9719905262073937,0.6627580396011796,9711,0.7830517565030839,0.9617918313570487,7458,0.6683188764973151,0.8366080661840745,2421,0.10058097312999274,0.9822695035460993,2754,0.05,0.7142857142857143,200
rev1.0,nsl_kdd,lgb_l2_reg1,lightgbm,2,0.759403832505323,3.7,0.9716815981876222,0.6600909408884226,9711,0.7818449986591579,0.9617351146297213,7458,0.6666666666666666,0.831958762886598,2421,0.08351488743645606,0.9829059829059829,2754,0.045,0.75,200
rev1.0,nsl_kdd,lgb_l2_reg1,lightgbm,3,0.7602022711142654,3.83,0.9718875502008032,0.6647415128891393,9711,0.7801019039957093,0.9616528925619835,7458,0.6456009913258984,0.7929984779299848,2421,0.11220043572984749,0.9935691318327974,2754,0.05,0.7142857142857143,200
rev1.0,nsl_kdd,lgb_l2_reg1,lightgbm,4,0.7558108587650816,3.78,0.9719905262073937,0.6597469770042637,9711,0.7878787878787878,0.9620170268500328,7458,0.6427096241222635,0.7963152507676561,2421,0.0570079883805374,0.9751552795031055,2754,0.055,0.7857142857142857,200
rev1.0,nsl_kdd,lgb_l2_reg1,lightgbm,5,0.7634847409510291,3.92,0.9718875502008032,0.6664783560483016,9711,0.7811745776347546,0.9617035325189832,7458,0.6629491945477075,0.8126582278481013,2421,0.12127814088598403,0.9910979228486647,2754,0.045,0.6923076923076923,200
rev1.0,nsl_kdd,lgb_l2_reg1,lightgbm,6,0.7603353442157559,3.71,0.9717845741942127,0.6648583908693815,9711,0.7732636095467954,0.9613268878146358,7458,0.6608839322593969,0.7964161274265804,2421,0.11837327523602033,0.9939024390243902,2754,0.055,0.7857142857142857,200
rev1.0,nsl_kdd,lgb_l2_reg1,lightgbm,7,0.7609119943222143,3.8,0.9717845741942127,0.6604380992371754,9711,0.7833199249128453,0.9621212121212122,7458,0.6625361420900454,0.841994750656168,2421,0.09477124183006536,0.9886363636363636,2754,0.05,0.7142857142857143,200
rev1.0,nsl_kdd,lgb_l2_reg1,lightgbm,8,0.7568310858765082,3.81,0.9717845741942127,0.6602070798936617,9711,0.7728613569321534,0.9613075383589059,7458,0.6551011978521272,0.8038520020273695,2421,0.09658678286129267,0.9888475836431226,2754,0.045,0.75,200
rev1.0,nsl_kdd,lgb_l2_reg1,lightgbm,9,0.7636178140525195,3.79,0.9716815981876222,0.6669493921402319,9711,0.7902923035666398,0.9621286320600718,7458,0.6633622470053697,0.8098840141200202,2421,0.09731299927378359,0.9852941176470589,2754,0.055,0.7333333333333333,200
rev1.0,nsl_kdd,lgb_l2_reg1,lightgbm,10,0.7634403832505323,3.69,0.9720935022139842,0.6641806796594667,9711,0.7845266827567713,0.9618609238862403,7458,0.6666666666666666,0.8336776859504132,2421,0.10820624546114742,0.9900332225913622,2754,0.04,0.7272727272727273,200
rev1.0,nsl_kdd,lgb_l2_reg1,lightgbm,11,0.7653034066713982,3.82,0.9716815981876222,0.6714102746549026,9711,0.7892196299275945,0.9620791108205295,7458,0.6464270962412226,0.7828914457228614,2421,0.12962962962962962,0.9916666666666667,2754,0.045,0.6923076923076923,200
rev1.0,nsl_kdd,lgb_l2_reg1,lightgbm,12,0.7637065294535131,3.83,0.9718875502008032,0.6642736486486487,9711,0.7796996513810673,0.9616338680337357,7458,0.667905824039653,0.8365235385411278,2421,0.12345679012345678,0.9855072463768116,2754,0.035,0.6363636363636364,200
rev1.0,nsl_kdd,lgb_l2_reg1,lightgbm,13,0.7625975869410929,3.84,0.9717845741942127,0.6633162297040838,9711,0.7878787878787878,0.9623321323288568,7458,0.6683188764973151,0.8327328872876995,2421,0.0915032679738562,0.984375,2754,0.045,0.75,200
rev1.0,nsl_kdd,lgb_l2_reg1,lightgbm,14,0.7607345635202271,3.79,0.9717845741942127,0.6630366050727183,9711,0.7823813354786806,0.9620774938169827,7458,0.6625361420900454,0.8171166581762608,2421,0.0944081336238199,0.9811320754716981,2754,0.07,0.7777777777777778,200
rev1.0,nsl_kdd,lgb_l2_reg1,lightgbm,15,0.7662349183818311,3.82,0.9717845741942127,0.6698608745031233,9711,0.7794314829713059,0.9616211745244003,7458,0.6852540272614622,0.8132352941176471,2421,0.12781408859840232,0.9943502824858758,2754,0.065,0.7647058823529411,200
rev1.0,nsl_kdd,lgb_l2_reg1,lightgbm,16,0.7688963804116394,3.84,0.9717845741942127,0.6723904524403278,9711,0.7913649772056852,0.9621780241278122,7458,0.6790582403965304,0.8150718889439762,2421,0.12418300653594772,0.991304347826087,2754,0.045,0.6923076923076923,200
rev1.0,nsl_kdd,lgb_l2_reg1,lightgbm,17,0.7568310858765082,4.01,0.9717845741942127,0.6576764931354101,9711,0.7788951461517833,0.9615957622910114,7458,0.6389921520033044,0.8228723404255319,2421,0.0944081336238199,0.9923664122137404,2754,0.045,0.75,200
rev1.0,nsl_kdd,lgb_l2_reg1,lightgbm,18,0.7593151171043293,3.9,0.9716815981876222,0.6628731998595012,9711,0.7810404934298739,0.9616972098398547,7458,0.6381660470879802,0.7992757371960683,2421,0.10893246187363835,0.9868421052631579,2754,0.06,0.8,200
rev1.0,nsl_kdd,lgb_l2_reg1,lightgbm,19,0.76166607523066,3.85,0.9717845741942127,0.6631763879128602,9711,0.7886832931080718,0.9620543016028786,7458,0.6761668731928955,0.8276036400404448,2421,0.074800290486565,0.9809523809523809,2754,0.045,0.75,200
rev1.0,nsl_kdd,lgb_l2_reg1,lightgbm,20,0.767166430092264,3.82,0.9716815981876222,0.6699801192842942,9711,0.7847948511665326,0.961873459326212,7458,0.6765799256505576,0.819,2421,0.13035584604212055,0.9917127071823204,2754,0.045,0.6923076923076923,200
rev1.0,nsl_kdd,lgb_l2_reg1,lightgbm,21,0.7633516678495387,3.9,0.9718875502008032,0.6686977469179538,9711,0.7806382408152319,0.9616782292699042,7458,0.6732755059892607,0.7970660146699267,2421,0.11365286855482934,0.9750778816199377,2754,0.03,0.6,200
rev1.0,nsl_kdd,lgb_l2_reg1,lightgbm,22,0.7582948899929027,3.78,0.9718875502008032,0.6589401661663059,9711,0.7807723250201126,0.9620023129026929,7458,0.6365138372573317,0.8245050829320493,2421,0.10167029774872913,0.9929078014184397,2754,0.065,0.7647058823529411,200
rev1.0,nsl_kdd,lgb_l2_reg1,lightgbm,23,0.758915897799858,3.82,0.9718875502008032,0.6605543113101904,9711,0.7809064092249933,0.9616908850726552,7458,0.650970673275506,0.8199791883454735,2421,0.09477124183006536,0.9849056603773585,2754,0.05,0.7692307692307693,200
rev1.0,nsl_kdd,lgb_l2_reg1,lightgbm,24,0.7655251951738822,3.75,0.9716815981876222,0.6719840478564307,9711,0.7839903459372486,0.9618358282612272,7458,0.6753407682775713,0.7890926640926641,2421,0.12018881626724764,0.9792899408284024,2754,0.045,0.6923076923076923,200
rev1.0,nsl_kdd,lgb_l2_reg1,lightgbm,25,0.7597586941092974,3.94,0.9718875502008032,0.660970656208418,9711,0.7819790828640386,0.9620587264929066,7458,0.6472532011565468,0.8221406086044072,2421,0.10203340595497458,0.9929328621908127,2754,0.05,0.7142857142857143,200
rev1.0,nsl_kdd,lgb_l2_reg1,lightgbm,26,0.7632185947480482,4.0,0.9718875502008032,0.6636197440585009,9711,0.7900241351568785,0.9621162638798171,7458,0.654275092936803,0.8336842105263158,2421,0.10203340595497458,0.9894366197183099,2754,0.055,0.7857142857142857,200
rev1.0,nsl_kdd,lgb_l2_reg1,lightgbm,27,0.7629080908445706,3.95,0.9718875502008032,0.6644607152914672,9711,0.7733976937516761,0.9616538846282094,7458,0.6836018174308137,0.8299899699097292,2421,0.1187363834422658,0.9819819819819819,2754,0.055,0.7333333333333333,200
rev1.0,nsl_kdd,lgb_l2_reg1,lightgbm,28,0.7598030518097941,3.9,0.9717845741942127,0.6637827952451291,9711,0.7829176722982033,0.9617855378026684,7458,0.6736885584469228,0.8042406311637081,2421,0.07734204793028322,0.9861111111111112,2754,0.045,0.75,200
rev1.0,nsl_kdd,lgb_l2_reg1,lightgbm,29,0.7624201561391057,3.77,0.9718875502008032,0.6638064425376283,9711,0.7909627245910432,0.9621595172076334,7458,0.6501445683601818,0.8240837696335078,2421,0.09840232389251997,0.9854545454545455,2754,0.03,0.6,200
rev1.0,nsl_kdd,lgb_l2_reg1,lightgbm,30,0.7654364797728885,3.86,0.9718875502008032,0.6668550837278315,9711,0.7815768302493966,0.9617224880382775,7458,0.6873192895497728,0.8332498748122183,2421,0.1140159767610748,0.9874213836477987,2754,0.055,0.7333333333333333,200
rev1.0,nsl_kdd,lgb_l2_reg1,lightgbm,31,0.7660574875798438,3.9,0.9718875502008032,0.670550621669627,9711,0.7827835880933226,0.9617792421746293,7458,0.6889714993804213,0.8073572120038722,2421,0.11510530137981119,0.990625,2754,0.045,0.6923076923076923,200
rev1.0,nsl_kdd,lgb_l2_reg1,lightgbm,32,0.765347764371895,3.69,0.9717845741942127,0.6677280124531239,9711,0.7890855457227138,0.9622302158273381,7458,0.6625361420900454,0.817533129459735,2421,0.11583151779230211,0.9937694704049844,2754,0.045,0.75,200
rev1.0,nsl_kdd,lgb_l2_reg1,lightgbm,33,0.7647711142654364,3.7,0.9717845741942127,0.665984474241355,9711,0.7825154196835613,0.9620837454665347,7458,0.6641883519206939,0.8297213622291022,2421,0.12672476397966595,0.9830985915492958,2754,0.055,0.7333333333333333,200
rev1.0,nsl_kdd,lgb_l2_reg1,lightgbm,34,0.7588271823988645,3.66,0.9724024302337555,0.6614597926590081,9711,0.7847948511665326,0.961873459326212,7458,0.6484923585295332,0.811789038262668,2421,0.08533042846768336,0.9832635983263598,2754,0.03,0.6,200
rev1.0,nsl_kdd,lgb_l2_reg1,lightgbm,35,0.7556777856635912,3.66,0.9718875502008032,0.6567392665785262,9711,0.7829176722982033,0.9617855378026684,7458,0.6431226765799256,0.8233738762559493,2421,0.07080610021786492,0.975,2754,0.035,0.6363636363636364,200
rev1.0,nsl_kdd,lgb_l2_reg1,lightgbm,36,0.7677874378992193,3.9,0.9719905262073937,0.6685791188553619,9711,0.7900241351568785,0.9621162638798171,7458,0.6897976042957455,0.8408862034239678,2421,0.10893246187363835,0.9868421052631579,2754,0.04,0.6666666666666666,200
rev1.0,nsl_kdd,lgb_l2_reg1,lightgbm,37,0.7640170333569908,3.79,0.9716815981876222,0.6686507936507936,9711,0.7822472512737999,0.9617540389053743,7458,0.650970673275506,0.794755421079173,2421,0.1336238198983297,0.9945945945945946,2754,0.05,0.7692307692307693,200
rev1.0,nsl_kdd,lgb_l2_reg1,lightgbm,38,0.7685858765081618,3.65,0.9717845741942127,0.671290368473467,9711,0.7901582193617592,0.9621224489795919,7458,0.6815365551425031,0.8225324027916251,2421,0.12273057371096587,0.9883040935672515,2754,0.045,0.6923076923076923,200
rev1.0,nsl_kdd,lgb_l2_reg1,lightgbm,39,0.7587828246983677,3.86,0.9716815981876222,0.6615255187885586,9711,0.7819790828640386,0.9617414248021108,7458,0.6546881453944651,0.8107416879795396,2421,0.08859840232389252,0.9799196787148594,2754,0.045,0.75,200
rev1.0,nsl_kdd,lgb_min_child_weight1,lightgbm,0,0.7693843151171044,3.17,0.9719905262073937,0.6701455449059283,9711,0.8093322606596943,0.9629865985960434,7458,0.6319702602230484,0.8310700706137969,2421,0.11946259985475671,0.982089552238806,2754,0.055,0.7333333333333333,200
rev1.0,nsl_kdd,lgb_min_child_weight1,lightgbm,1,0.7700940383250532,3.16,0.9719905262073937,0.669337682598213,9711,0.805846071332797,0.962832425504646,7458,0.6555142503097894,0.8513948497854077,2421,0.1140159767610748,0.9781931464174455,2754,0.055,0.7333333333333333,200
rev1.0,nsl_kdd,lgb_min_child_weight1,lightgbm,2,0.7730216465578424,3.03,0.9726083822469365,0.6738246415067418,9711,0.8285063019576294,0.9636618839675608,7458,0.6530359355638166,0.839171974522293,2421,0.07588961510530139,0.9720930232558139,2754,0.065,0.8125,200
rev1.0,nsl_kdd,lgb_min_child_weight1,lightgbm,3,0.7761266855926189,3.06,0.9720935022139842,0.6776740847092606,9711,0.8142933762402789,0.9632038065027756,7458,0.6530359355638166,0.834741288278775,2421,0.14270152505446623,0.9800498753117207,2754,0.05,0.7142857142857143,200
rev1.0,nsl_kdd,lgb_min_child_weight1,lightgbm,4,0.7579400283889283,2.99,0.972299454227165,0.658346116301771,9711,0.8049074818986324,0.9626363053239256,7458,0.6451879388682362,0.8308510638297872,2421,0.025417574437182282,0.958904109589041,2754,0.05,0.7692307692307693,200
rev1.0,nsl_kdd,lgb_min_child_weight1,lightgbm,5,0.7774574166075231,3.01,0.972711358253527,0.6783970123527722,9711,0.8272995441137034,0.9637613245860669,7458,0.6501445683601818,0.8421615837346175,2421,0.1187363834422658,0.9790419161676647,2754,0.05,0.6666666666666666,200
rev1.0,nsl_kdd,lgb_min_child_weight1,lightgbm,6,0.7672995031937544,2.97,0.9717845741942127,0.6693857284721237,9711,0.7925717350496112,0.9622334364317109,7458,0.6513837257331682,0.8226395409494001,2421,0.1318082788671024,0.9784366576819407,2754,0.05,0.6666666666666666,200
rev1.0,nsl_kdd,lgb_min_child_weight1,lightgbm,7,0.7779453513129879,3.07,0.9715786221810319,0.6785817031070196,9711,0.8223384285331188,0.9632479974870426,7458,0.6774060305658819,0.8488612836438924,2421,0.11583151779230211,0.9785276073619632,2754,0.055,0.7333333333333333,200
rev1.0,nsl_kdd,lgb_min_child_weight1,lightgbm,8,0.7669002838892832,3.06,0.9719905262073937,0.6672557613459635,9711,0.805846071332797,0.962832425504646,7458,0.6394052044609665,0.8349514563106796,2421,0.10203340595497458,0.9825174825174825,2754,0.055,0.6875,200
rev1.0,nsl_kdd,lgb_min_child_weight1,lightgbm,9,0.7712029808374734,2.99,0.972711358253527,0.671452942849019,9711,0.8104049342987396,0.962726983115642,7458,0.6637752994630318,0.8466807165437302,2421,0.10203340595497458,0.9756944444444444,2754,0.04,0.6666666666666666,200
rev1.0,nsl_kdd,lgb_min_child_weight1,lightgbm,10,0.7755943931866572,2.91,0.9726083822469365,0.675801373783629,9711,0.8157683024939663,0.9629629629629629,7458,0.6588186699710863,0.849307774227902,2421,0.12745098039215685,0.9804469273743017,2754,0.05,0.7142857142857143,200
rev1.0,nsl_kdd,lgb_min_child_weight1,lightgbm,11,0.7777679205110007,2.96,0.9721964782205746,0.6821531791907515,9711,0.827835880933226,0.9636335258311222,7458,0.6327963651383726,0.8058916359810626,2421,0.13689179375453886,0.9869109947643979,2754,0.05,0.7142857142857143,200
rev1.0,nsl_kdd,lgb_min_child_weight1,lightgbm,12,0.7685858765081618,2.9,0.972299454227165,0.6672791519434629,9711,0.8039688924644677,0.9627488760436738,7458,0.6385790995456423,0.8517906336088155,2421,0.12091503267973856,0.9881305637982196,2754,0.05,0.7142857142857143,200
rev1.0,nsl_kdd,lgb_min_child_weight1,lightgbm,13,0.7713804116394606,2.93,0.9717845741942127,0.6716725978647686,9711,0.826226870474658,0.9637159837347513,7458,0.6637752994630318,0.8435695538057743,2421,0.06318082788671024,0.9613259668508287,2754,0.05,0.7142857142857143,200
rev1.0,nsl_kdd,lgb_min_child_weight1,lightgbm,14,0.7714691270404542,2.95,0.9718875502008032,0.673469387755102,9711,0.8230088495575221,0.9635792778649922,7458,0.6571664601404378,0.8260643821391485,2421,0.07806826434277414,0.9684684684684685,2754,0.05,0.8333333333333334,200
rev1.0,nsl_kdd,lgb_min_child_weight1,lightgbm,15,0.7808729595457772,2.95,0.9713726701678509,0.681525901307709,9711,0.827433628318584,0.9633156415860131,7458,0.6802973977695167,0.8507231404958677,2421,0.12273057371096587,0.9883040935672515,2754,0.075,0.7894736842105263,200
rev1.0,nsl_kdd,lgb_min_child_weight1,lightgbm,16,0.7731990773598296,2.91,0.9717845741942127,0.6759544445240312,9711,0.8129525341914723,0.9631453534551231,7458,0.6567534076827757,0.8195876288659794,2421,0.11946259985475671,0.9909638554216867,2754,0.06,0.75,200
rev1.0,nsl_kdd,lgb_min_child_weight1,lightgbm,17,0.7698722498225692,2.94,0.9718875502008032,0.6691244239631337,9711,0.8037007240547064,0.9624277456647399,7458,0.6588186699710863,0.8520299145299145,2421,0.11365286855482934,0.978125,2754,0.08,0.8421052631578947,200
rev1.0,nsl_kdd,lgb_min_child_weight1,lightgbm,18,0.7668559261887864,2.9,0.9720935022139842,0.6663372626526435,9711,0.8004827031375704,0.9624375302273094,7458,0.6484923585295332,0.8468176914778857,2421,0.10820624546114742,0.9738562091503268,2754,0.05,0.7142857142857143,200
rev1.0,nsl_kdd,lgb_min_child_weight1,lightgbm,19,0.7711586231369766,2.89,0.9718875502008032,0.6712182632814166,9711,0.8156342182890856,0.9632620744259699,7458,0.6559273027674515,0.8433351035581519,2421,0.0962236746550472,0.9742647058823529,2754,0.055,0.8461538461538461,200
rev1.0,nsl_kdd,lgb_min_child_weight1,lightgbm,20,0.777013839602555,2.91,0.9716815981876222,0.6787512588116817,9711,0.8226065969428801,0.9635621171666405,7458,0.6617100371747212,0.8339406559083811,2421,0.11982570806100218,0.9792284866468842,2754,0.07,0.8235294117647058,200
rev1.0,nsl_kdd,lgb_min_child_weight1,lightgbm,21,0.7770581973030518,2.87,0.9718875502008032,0.6794327262256137,9711,0.8275677125234647,0.9636221701795472,7458,0.6389921520033044,0.8255069370330843,2421,0.1270878721859114,0.9749303621169917,2754,0.055,0.7333333333333333,200
rev1.0,nsl_kdd,lgb_min_child_weight1,lightgbm,22,0.774041873669269,3.16,0.9726083822469365,0.6747874544545259,9711,0.8247519442209708,0.963653454488485,7458,0.6249483684427922,0.8349889624724062,2421,0.11909949164851126,0.9820359281437125,2754,0.065,0.7222222222222222,200
rev1.0,nsl_kdd,lgb_min_child_weight1,lightgbm,23,0.7623757984386089,2.98,0.9715786221810319,0.6630358397751229,9711,0.805846071332797,0.962832425504646,7458,0.6451879388682362,0.8304093567251462,2421,0.06100217864923747,0.9545454545454546,2754,0.06,0.8,200
rev1.0,nsl_kdd,lgb_min_child_weight1,lightgbm,24,0.7768807665010646,3.14,0.9715786221810319,0.677801724137931,9711,0.8167068919281308,0.9625474083438685,7458,0.6670797191243288,0.8446652719665272,2421,0.1318082788671024,0.981081081081081,2754,0.05,0.7142857142857143,200
rev1.0,nsl_kdd,lgb_min_child_weight1,lightgbm,25,0.7669889992902768,3.06,0.9717845741942127,0.6652333286338644,9711,0.8039688924644677,0.9630581432701574,7458,0.6418835192069393,0.8538461538461538,2421,0.10675381263616558,0.9832775919732442,2754,0.05,0.7692307692307693,200
rev1.0,nsl_kdd,lgb_min_child_weight1,lightgbm,26,0.763041163946061,3.1,0.972505406240346,0.6608354908683787,9711,0.8053097345132744,0.9628085924975954,7458,0.6435357290375878,0.8584022038567493,2421,0.06572258533042846,0.9836956521739131,2754,0.065,0.8125,200
rev1.0,nsl_kdd,lgb_min_child_weight1,lightgbm,27,0.7792317246273953,3.11,0.9721964782205746,0.6795508529475275,9711,0.8263609546795387,0.963721657544957,7458,0.6493184634448576,0.8483540205072855,2421,0.1383442265795207,0.9794344473007712,2754,0.05,0.7142857142857143,200
rev1.0,nsl_kdd,lgb_min_child_weight1,lightgbm,28,0.7697835344215755,3.08,0.972505406240346,0.668270591565242,9711,0.8120139447573076,0.9631043256997456,7458,0.6641883519206939,0.8603531300160514,2421,0.08496732026143791,0.975,2754,0.06,0.8,200
rev1.0,nsl_kdd,lgb_min_child_weight1,lightgbm,29,0.7687633073101491,3.1,0.9721964782205746,0.668105583468969,9711,0.8116116921426656,0.9629335030225898,7458,0.6422965716646014,0.8478735005452562,2421,0.09912854030501089,0.978494623655914,2754,0.045,0.6428571428571429,200
rev1.0,nsl_kdd,lgb_min_child_weight1,lightgbm,30,0.7753282469836764,3.1,0.9720935022139842,0.6760240618733887,9711,0.8141592920353983,0.9631979695431472,7458,0.6757538207352334,0.8463528194516295,2421,0.11655773420479303,0.9786585365853658,2754,0.05,0.6666666666666666,200
rev1.0,nsl_kdd,lgb_min_child_weight1,lightgbm,31,0.7765259048970902,3.01,0.9717845741942127,0.6780428222445753,9711,0.8189863234111022,0.9634069400630915,7458,0.647666253614209,0.8335991493886231,2421,0.1394335511982571,0.9795918367346939,2754,0.045,0.6923076923076923,200
rev1.0,nsl_kdd,lgb_min_child_weight1,lightgbm,32,0.7782558552164656,3.03,0.9719905262073937,0.6802882882882882,9711,0.8287744703673907,0.963823483549041,7458,0.6579925650557621,0.8340314136125655,2421,0.11692084241103849,0.9669669669669669,2754,0.05,0.7692307692307693,200
rev1.0,nsl_kdd,lgb_min_child_weight1,lightgbm,33,0.7781671398154719,3.14,0.972711358253527,0.6807437301816085,9711,0.8121480289621883,0.9631101923994275,7458,0.6435357290375878,0.826525198938992,2421,0.1710239651416122,0.9874213836477987,2754,0.055,0.6470588235294118,200
rev1.0,nsl_kdd,lgb_min_child_weight1,lightgbm,34,0.7693399574166075,3.13,0.972299454227165,0.6718371993738438,9711,0.8134888710109949,0.9631687569455469,7458,0.6414704667492772,0.8190928270042194,2421,0.09876543209876543,0.9714285714285714,2754,0.05,0.6666666666666666,200
rev1.0,nsl_kdd,lgb_min_child_weight1,lightgbm,35,0.7602022711142654,3.11,0.972711358253527,0.6600978336827393,9711,0.8065164923572004,0.9628621738434449,7458,0.650970673275506,0.8391906283280085,2421,0.03195352214960058,0.946236559139785,2754,0.065,0.8125,200
rev1.0,nsl_kdd,lgb_min_child_weight1,lightgbm,36,0.776570262597587,3.12,0.9719905262073937,0.6760977007377695,9711,0.8255564494502547,0.9636875880419471,7458,0.6670797191243288,0.8540454785827605,2421,0.10348583877995643,0.9895833333333334,2754,0.055,0.7333333333333333,200
rev1.0,nsl_kdd,lgb_min_child_weight1,lightgbm,37,0.7739531582682754,3.14,0.972299454227165,0.6741396544338141,9711,0.8134888710109949,0.9631687569455469,7458,0.6674927715819909,0.8478488982161595,2421,0.11256354393609296,0.9810126582278481,2754,0.065,0.7647058823529411,200
rev1.0,nsl_kdd,lgb_min_child_weight1,lightgbm,38,0.7724893541518808,3.03,0.972299454227165,0.6769914676991468,9711,0.805846071332797,0.962832425504646,7458,0.6567534076827757,0.8062880324543611,2421,0.13144517066085692,0.9863760217983651,2754,0.055,0.6875,200
rev1.0,nsl_kdd,lgb_min_child_weight1,lightgbm,39,0.7735539389638041,3.23,0.972299454227165,0.6748624115502824,9711,0.8238133547868061,0.9634624431550886,7458,0.6385790995456423,0.8311827956989247,2421,0.10820624546114742,0.9770491803278688,2754,0.045,0.8181818181818182,200
rev1.0,nsl_kdd,lgb_min_child_samples100,lightgbm,0,0.7238289567068843,2.88,0.9540727010606529,0.7136804806655369,9711,0.7216411906677394,0.9131319986426875,7458,0.6877323420074349,0.48191027496382055,2421,0.0010893246187363835,0.02608695652173913,2754,0.015,0.030612244897959183,200
rev1.0,nsl_kdd,lgb_min_child_samples100,lightgbm,1,0.7302164655784245,3.2,0.9268870353207702,0.6843826034063261,9711,0.7945829981228212,0.9391442155309033,7458,0.6270136307311028,0.5049900199600799,2421,0.006172839506172839,0.2786885245901639,2754,0.0,0.0,200
rev1.0,nsl_kdd,lgb_min_child_samples100,lightgbm,2,0.7592264017033357,3.56,0.9719905262073937,0.6581828324384631,9711,0.7827835880933226,0.9620962425840475,7458,0.630731102850062,0.8408590308370044,2421,0.10639070442992012,0.9865319865319865,2754,0.095,0.8636363636363636,200
rev1.0,nsl_kdd,lgb_min_child_samples100,lightgbm,3,0.7327004968062456,3.07,0.9716815981876222,0.6331186258722491,9711,0.7086350227943148,0.9756322687834594,7458,0.6807104502271788,0.8438300051203277,2421,0.05410312273057371,0.7061611374407583,2754,0.0,0.0,200
rev1.0,nsl_kdd,lgb_min_child_samples100,lightgbm,4,0.7309261887863733,2.7,0.9531459170013387,0.6749307277234943,9711,0.7689729149906142,0.9548784548784549,7458,0.59727385377943,0.6519386834986475,2421,0.014161220043572984,0.7222222222222222,2754,0.01,0.0036231884057971015,200
rev1.0,nsl_kdd,lgb_min_child_samples100,lightgbm,5,0.3677253371185238,3.27,0.37987848831222326,0.6476474719101124,9711,0.3242156074014481,0.9204415683288922,7458,0.5757951259809996,0.35570298545547335,2421,0.28467683369644153,0.09692174558041786,2754,0.025,0.0022593764121102574,200
rev1.0,nsl_kdd,lgb_min_child_samples100,lightgbm,6,0.65361071682044,3.19,0.8189681804139636,0.6233247119680225,9711,0.6736390453204613,0.9186322910952642,7458,0.7162329615861215,0.5045097468722723,2421,0.008351488743645606,0.5476190476190477,2754,0.005,0.0011947431302270011,200
rev1.0,nsl_kdd,lgb_min_child_samples100,lightgbm,7,0.6535220014194464,2.95,0.9025846977654206,0.6626597111967945,9711,0.6477607937784929,0.8997951201341032,7458,0.3180503923998348,0.2958125240107568,2421,0.13326071169208425,0.2742899850523169,2754,0.0,0.0,200
rev1.0,nsl_kdd,lgb_min_child_samples100,lightgbm,8,0.6767210787792761,2.97,0.9474822366388631,0.5766844249451583,9711,0.6891928130866184,0.927797833935018,7458,0.37794299876084264,0.8781190019193857,2421,0.0,0.0,2754,0.0,0.0,200
rev1.0,nsl_kdd,lgb_min_child_samples100,lightgbm,9,0.7496894960965224,3.03,0.9670476778910514,0.6696855166512159,9711,0.799812282113167,0.9433813063419263,7458,0.6377529946303181,0.75390625,2421,0.0,0.0,2754,0.005,0.009433962264150943,200
rev1.0,nsl_kdd,lgb_min_child_samples100,lightgbm,10,0.7397533711852378,3.23,0.9755946864380599,0.6453678474114442,9711,0.7724591043175114,0.9588881491344874,7458,0.5956216439487815,0.8378849506101104,2421,0.0,0.0,2754,0.0,0.0,200
rev1.0,nsl_kdd,lgb_min_child_samples100,lightgbm,11,0.6743257629524485,2.85,0.9560292451858717,0.6481882287230328,9711,0.6869133816036471,0.8082991479962133,7458,0.2932672449401074,0.5753646677471637,2421,0.0014524328249818446,0.14285714285714285,2754,0.405,0.13043478260869565,200
rev1.0,nsl_kdd,lgb_min_child_samples100,lightgbm,12,0.5778034066713982,3.07,0.843682421995675,0.5359806358759649,9711,0.5728077232502011,0.7771511733672912,7458,0.23172242874845106,0.3357271095152603,2421,0.0,0.0,2754,0.0,0.0,200
rev1.0,nsl_kdd,lgb_min_child_samples100,lightgbm,13,0.7238289567068843,2.85,0.968283389970137,0.6663595776344695,9711,0.7607937784928935,0.8116149334859104,7458,0.5125980999586948,0.8690476190476191,2421,0.0,0.0,2754,0.0,,200
rev1.0,nsl_kdd,lgb_min_child_samples100,lightgbm,14,0.7128726046841731,3.02,0.959221501390176,0.6494457226521648,9711,0.6606328774470367,0.9350920478269121,7458,0.6885584469227591,0.6879900949236484,2421,0.058823529411764705,0.3537117903930131,2754,0.0,0.0,200
rev1.0,nsl_kdd,lgb_min_child_samples100,lightgbm,15,0.5694641589779986,3.21,0.817526516321697,0.6632414369256474,9711,0.4269241083400375,0.9019830028328611,7458,0.7075588599752168,0.3360800470865215,2421,0.0007262164124909223,0.0013413816230717639,2754,0.0,0.0,200
rev1.0,nsl_kdd,lgb_min_child_samples100,lightgbm,16,0.7430801987224982,3.1,0.9428483163422923,0.6577113713095324,9711,0.8004827031375704,0.9014041974935829,7458,0.6042957455596861,0.8383954154727794,2421,0.058460421205519246,0.7488372093023256,2754,0.01,0.05,200
rev1.0,nsl_kdd,lgb_min_child_samples100,lightgbm,17,0.6052608232789212,2.92,0.6748017711873133,0.9469653179190751,9711,0.9505229283990346,0.45433570467217843,7458,0.0012391573729863693,0.15,2421,0.0,,2754,0.0,0.0,200
rev1.0,nsl_kdd,lgb_min_child_samples100,lightgbm,18,0.7442334989354152,2.79,0.9705488621151271,0.6455921638468388,9711,0.8470099222311611,0.9606143552311436,7458,0.34118133002891365,0.8595213319458896,2421,0.07407407407407407,0.769811320754717,2754,0.03,0.04195804195804196,200
rev1.0,nsl_kdd,lgb_min_child_samples100,lightgbm,19,0.3352111426543648,3.16,0.07692307692307693,0.6053484602917342,9711,0.8934030571198712,0.32708261744636985,7458,0.06071871127633209,0.6074380165289256,2421,0.0,0.0,2754,0.0,0.0,200
rev1.0,nsl_kdd,lgb_min_child_samples100,lightgbm,20,0.4268985095812633,2.89,0.9907321594068582,0.4285523385300668,9711,0.0,0.0,7458,0.0,0.0,2421,0.0010893246187363835,0.3,2754,0.0,,200
rev1.0,nsl_kdd,lgb_min_child_samples100,lightgbm,21,0.762819375443577,3.22,0.9709607661414891,0.6614057239057239,9711,0.7795655671761866,0.9611506034055216,7458,0.6162742668318877,0.8477272727272728,2421,0.16230936819172112,0.9889380530973452,2754,0.075,0.5555555555555556,200
rev1.0,nsl_kdd,lgb_min_child_samples100,lightgbm,22,0.7070617459190915,2.46,0.9735351663062507,0.6712105076322329,9711,0.8138911236256369,0.9195576427813967,7458,0.17059066501445683,0.7428057553956835,2421,0.0010893246187363835,0.002785515320334262,2754,0.0,0.0,200
rev1.0,nsl_kdd,lgb_min_child_samples100,lightgbm,23,0.7653921220723917,3.04,0.9720935022139842,0.6644144144144144,9711,0.8019576293912577,0.9629689260988569,7458,0.6171003717472119,0.8407428249859313,2421,0.12127814088598403,0.9881656804733728,2754,0.03,0.6,200
rev1.0,nsl_kdd,lgb_min_child_samples100,lightgbm,24,0.7439229950319376,2.6,0.9649881577592421,0.6490960725912586,9711,0.7787610619469026,0.9493298463550179,7458,0.5390334572490706,0.8312101910828026,2421,0.10275962236746551,0.9041533546325878,2754,0.02,0.03773584905660377,200
rev1.0,nsl_kdd,lgb_min_child_samples100,lightgbm,25,0.4338183108587651,2.5,0.8821954484605087,0.612716349592333,9711,0.0017430946634486458,0.009433962264150943,7458,0.4886410574142916,0.44692104268983757,2421,0.005083514887436456,0.003997715591090805,2754,0.015,0.002898550724637681,200
rev1.0,nsl_kdd,lgb_min_child_samples100,lightgbm,26,0.6975691980127751,2.44,0.9426423643291113,0.6299635262542151,9711,0.6716277822472513,0.8492709393014581,7458,0.5968608013217679,0.8490011750881316,2421,0.03812636165577342,0.4838709677419355,2754,0.065,0.0663265306122449,200
rev1.0,nsl_kdd,lgb_min_child_samples100,lightgbm,27,0.7303495386799148,2.31,0.9249304911955515,0.654951144815517,9711,0.7510056315366049,0.8908859551455384,7458,0.7492771581990912,0.7428337428337428,2421,0.024691358024691357,0.723404255319149,2754,0.0,0.0,200
rev1.0,nsl_kdd,lgb_min_child_samples100,lightgbm,28,0.7534155429382541,2.57,0.9511893728761198,0.7029680365296803,9711,0.8613569321533924,0.8507482452655277,7458,0.5468814539446509,0.722707423580786,2421,0.0,0.0,2754,0.0,0.0,200
rev1.0,nsl_kdd,lgb_min_child_samples100,lightgbm,29,0.7409953867991483,2.76,0.8384306456595613,0.7194486171246797,9711,0.9700992223116117,0.7507523088097956,7458,0.5014456836018174,0.8448155880306193,2421,0.03994190268700073,0.8088235294117647,2754,0.02,0.23529411764705882,200
rev1.0,nsl_kdd,lgb_min_child_samples100,lightgbm,30,0.7092796309439319,2.8,0.9647822057460612,0.6727220506928987,9711,0.6779297398766425,0.8500336247478144,7458,0.6356877323420075,0.5907869481765835,2421,0.00907770515613653,0.5319148936170213,2754,0.005,0.058823529411764705,200
rev1.0,nsl_kdd,lgb_min_child_samples100,lightgbm,31,0.477555003548616,2.32,0.6732571310884564,0.5650821089023336,9711,0.45843389648699384,0.8579673776662484,7458,0.26394052044609667,0.48081264108352145,2421,0.06172839506172839,0.03556485355648536,2754,0.0,0.0,200
rev1.0,nsl_kdd,lgb_min_child_samples100,lightgbm,32,0.6092530163236338,2.58,0.8909484090206982,0.5957036629027816,9711,0.6263073209975865,0.7292740046838407,7458,0.056588186699710864,0.7365591397849462,2421,0.09985475671750181,0.4428341384863124,2754,0.0,0.0,200
rev1.0,nsl_kdd,lgb_min_child_samples100,lightgbm,33,0.6666518807665011,2.52,0.8816805684275564,0.6535378978703916,9711,0.8196567444355055,0.7342061013692049,7458,0.107393638992152,0.4444444444444444,2421,0.03376906318082789,0.25067385444743934,2754,0.005,0.006211180124223602,200
rev1.0,nsl_kdd,lgb_min_child_samples100,lightgbm,34,0.7504435770049681,2.37,0.9331685717227886,0.7080240643800297,9711,0.8380262805041566,0.8994099870484962,7458,0.61090458488228,0.5770581349980491,2421,0.04212055192447349,0.7073170731707317,2754,0.055,0.15942028985507245,200
rev1.0,nsl_kdd,lgb_min_child_samples100,lightgbm,35,0.7545244854506742,2.83,0.9711667181546699,0.6521228045913429,9711,0.7707160096540627,0.9612040133779264,7458,0.6092523750516315,0.8496543778801844,2421,0.12127814088598403,0.9881656804733728,2754,0.11,0.7857142857142857,200
rev1.0,nsl_kdd,lgb_min_child_samples100,lightgbm,36,0.7586053938963804,2.95,0.9718875502008032,0.6558265582655827,9711,0.7865379458299813,0.9621125143513203,7458,0.610491532424618,0.8548293811451706,2421,0.11183732752360204,0.9871794871794872,2754,0.06,0.8,200
rev1.0,nsl_kdd,lgb_min_child_samples100,lightgbm,37,0.750221788502484,2.84,0.9720935022139842,0.6496455853003923,9711,0.7732636095467954,0.9728407557354926,7458,0.6125567947129286,0.8426136363636364,2421,0.07588961510530139,0.9812206572769953,2754,0.07,0.125,200
rev1.0,nsl_kdd,lgb_min_child_samples100,lightgbm,38,0.7377129169623847,2.43,0.9639583976933375,0.666500533997864,9711,0.7967283454009118,0.8819949532432834,7458,0.4919454770755886,0.8047297297297298,2421,0.04974582425562818,0.4910394265232975,2754,0.0,0.0,200
rev1.0,nsl_kdd,lgb_min_child_samples100,lightgbm,39,0.7197924059616749,2.57,0.9642673257131088,0.6327027027027027,9711,0.722982032716546,0.9757509952949692,7458,0.5815778603882693,0.7469496021220159,2421,0.0196078431372549,0.7012987012987013,2754,0.045,0.03515625,200
rev1.0,nsl_kdd,lgb_num_leaves15,lightgbm,0,0.6551188786373314,2.27,0.972711358253527,0.5771721862397654,9711,0.5379458299812282,0.9199724833753726,7458,0.5340768277571252,0.8183544303797469,2421,0.00036310820624546115,0.05,2754,0.085,0.07834101382488479,200
rev1.0,nsl_kdd,lgb_num_leaves15,lightgbm,1,0.732833569907736,2.37,0.9600453094428998,0.6744068287037037,9711,0.7534191472244569,0.9071682273167582,7458,0.6018174308137133,0.6178965224766751,2421,0.04357298474945534,0.7361963190184049,2754,0.01,0.4,200
rev1.0,nsl_kdd,lgb_num_leaves15,lightgbm,2,0.7242725337118524,2.51,0.9585006693440429,0.6674793832915024,9711,0.7636095467953875,0.8685374409028519,7458,0.530359355638166,0.7439165701042874,2421,0.00944081336238199,0.6341463414634146,2754,0.075,0.05454545454545454,200
rev1.0,nsl_kdd,lgb_num_leaves15,lightgbm,3,0.7381564939673527,2.44,0.9598393574297188,0.6434488471627778,9711,0.7554304102976669,0.9505652100556774,7458,0.6794712928541925,0.7946859903381642,2421,0.014887436456063908,0.7068965517241379,2754,0.0,0.0,200
rev1.0,nsl_kdd,lgb_num_leaves15,lightgbm,4,0.7490241305890702,2.38,0.9720935022139842,0.6897055600204574,9711,0.7547599892732636,0.9372294372294372,7458,0.6117306897976043,0.6155444721529509,2421,0.12164124909222948,0.7845433255269321,2754,0.005,0.05555555555555555,200
rev1.0,nsl_kdd,lgb_num_leaves15,lightgbm,5,0.7586497515968772,2.3,0.9687982700030893,0.6672340425531915,9711,0.7448377581120944,0.9737072743207712,7458,0.6551011978521272,0.7393939393939394,2421,0.2000726216412491,0.938671209540034,2754,0.015,0.42857142857142855,200
rev1.0,nsl_kdd,lgb_num_leaves15,lightgbm,6,0.6999201561391057,2.26,0.9586036453506332,0.6053846654093776,9711,0.66532582461786,0.9746611667648792,7458,0.5514250309789344,0.7142857142857143,2421,0.06281771968046478,0.8357487922705314,2754,0.0,,200
rev1.0,nsl_kdd,lgb_num_leaves15,lightgbm,7,0.728486515259049,2.5,0.9518072289156626,0.67758961952936,9711,0.7542236524537409,0.9291377601585729,7458,0.5695993391160677,0.572436695724367,2421,0.06281771968046478,0.4713896457765668,2754,0.015,0.0410958904109589,200
rev1.0,nsl_kdd,lgb_num_leaves15,lightgbm,8,0.7337650816181689,2.14,0.9681804139635465,0.6612744408496273,9711,0.6724322874765353,0.9222140492828246,7458,0.6848409748038001,0.7168179853004756,2421,0.16957153231663036,0.8121739130434783,2754,0.0,,200
rev1.0,nsl_kdd,lgb_num_leaves15,lightgbm,9,0.7159776437189496,2.5,0.929255483472351,0.6357168016907362,9711,0.7397425583266292,0.9033895529719993,7458,0.6042957455596861,0.7081316553727008,2421,0.04974582425562818,0.8253012048192772,2754,0.0,0.0,200
rev1.0,nsl_kdd,lgb_num_leaves15,lightgbm,10,0.6333836053938964,2.13,0.9045412418906394,0.6370295162810936,9711,0.5455886296594261,0.8512552301255231,7458,0.486575795125981,0.7609819121447028,2421,0.07879448075526507,0.5452261306532663,2754,0.155,0.015278462296697881,200
rev1.0,nsl_kdd,lgb_num_leaves15,lightgbm,11,0.70763839602555,2.52,0.8902275769745649,0.6397069705490602,9711,0.7455081791364977,0.8424242424242424,7458,0.6840148698884758,0.7396158999553372,2421,0.032679738562091505,0.5325443786982249,2754,0.01,0.09090909090909091,200
rev1.0,nsl_kdd,lgb_num_leaves15,lightgbm,12,0.684749822569198,2.35,0.976727422510555,0.6080907808693422,9711,0.695762939125771,0.9460346399270738,7458,0.24204874019000414,0.7017964071856287,2421,0.06390704429920116,0.32774674115456237,2754,0.005,0.011235955056179775,200
rev1.0,nsl_kdd,lgb_num_leaves15,lightgbm,13,0.6974804826117814,2.42,0.9681804139635465,0.6373373101952278,9711,0.5974792169482435,0.9771929824561404,7458,0.7063197026022305,0.6536697247706422,2421,0.054829339143064634,0.6138211382113821,2754,0.025,0.013513513513513514,200
rev1.0,nsl_kdd,lgb_num_leaves15,lightgbm,14,0.7369144783534421,2.46,0.9245185871691896,0.7122005394256703,9711,0.7535532314293376,0.8788115715402658,7458,0.7244940107393639,0.6332129963898917,2421,0.09404502541757444,0.3381201044386423,2754,0.01,0.2857142857142857,200
rev1.0,nsl_kdd,lgb_num_leaves15,lightgbm,15,0.7689407381121363,2.56,0.9695191020492225,0.6793909655072882,9711,0.7971305980155537,0.9537943205519012,7458,0.6699710863279636,0.7982283464566929,2421,0.12636165577342048,0.8405797101449275,2754,0.025,0.7142857142857143,200
rev1.0,nsl_kdd,lgb_num_leaves15,lightgbm,16,0.586541873669269,2.52,0.7968283389970137,0.7084134395312643,9711,0.7342451059265218,0.4891906378417009,7458,0.0037174721189591076,0.14516129032258066,2421,0.0,0.0,2754,0.0,,200
rev1.0,nsl_kdd,lgb_num_leaves15,lightgbm,17,0.7729772888573456,2.54,0.954999485119967,0.6882885557369749,9711,0.7801019039957093,0.9132004394914456,7458,0.7505163155720777,0.8522514071294559,2421,0.1877269426289034,0.9215686274509803,2754,0.0,0.0,200
rev1.0,nsl_kdd,lgb_num_leaves15,lightgbm,18,0.7466731724627396,2.31,0.9676655339305942,0.6591610549943884,9711,0.7760793778492894,0.9340003227368081,7458,0.5890128046261875,0.7931034482758621,2421,0.08061002178649238,0.8409090909090909,2754,0.0,0.0,200
rev1.0,nsl_kdd,lgb_num_leaves15,lightgbm,19,0.7213449254790631,2.14,0.9532488930079291,0.6565713880417051,9711,0.7401448109412712,0.9110414259778842,7458,0.5906650144568361,0.6381079875055778,2421,0.019970951343500364,0.4198473282442748,2754,0.0,0.0,200
rev1.0,nsl_kdd,lgb_num_leaves15,lightgbm,20,0.6676277501774308,2.37,0.9604572134692617,0.5748536209553159,9711,0.5957361222847949,0.9455203234730793,7458,0.4857496902106567,0.7940580688723835,2421,0.03812636165577342,0.8333333333333334,2754,0.0,0.0,200
rev1.0,nsl_kdd,lgb_num_leaves15,lightgbm,21,0.7086586231369766,2.49,0.9652970857790135,0.6547003771476463,9711,0.7279431482971306,0.9135116944304223,7458,0.4010739363899215,0.6646132785763176,2421,0.07334785766158315,0.6733333333333333,2754,0.0,0.0,200
rev1.0,nsl_kdd,lgb_num_leaves15,lightgbm,22,0.7409953867991483,2.43,0.9430542683554731,0.7268253968253968,9711,0.9006436041834271,0.7377265238879737,7458,0.34283353985956216,0.9892729439809297,2421,0.0,,2754,0.0,,200
rev1.0,nsl_kdd,lgb_num_leaves15,lightgbm,23,0.7580287437899219,2.5,0.9658119658119658,0.6852988455355838,9711,0.7712523464735854,0.9313471502590673,7458,0.7463857909954564,0.7219336795844986,2421,0.054829339143064634,0.893491124260355,2754,0.0,0.0,200
rev1.0,nsl_kdd,lgb_num_leaves15,lightgbm,24,0.7016057487579844,2.57,0.9007311296467923,0.6569776175454409,9711,0.67538213998391,0.8338023506042046,7458,0.624122263527468,0.6905850091407678,2421,0.18809005083514888,0.7766116941529235,2754,0.02,0.011976047904191617,200
rev1.0,nsl_kdd,lgb_num_leaves15,lightgbm,25,0.7142033356990773,2.6,0.9572649572649573,0.6296823138928402,9711,0.6843657817109144,0.9052855622561192,7458,0.6951672862453532,0.815406976744186,2421,0.006172839506172839,0.3953488372093023,2754,0.005,0.027777777777777776,200
rev1.0,nsl_kdd,lgb_num_leaves15,lightgbm,26,0.7347853087295955,2.52,0.9556173411595098,0.6582960913669575,9711,0.7860016090104586,0.9088372093023256,7458,0.5848822800495663,0.7336787564766839,2421,0.002541757443718228,0.14583333333333334,2754,0.0,0.0,200
rev1.0,nsl_kdd,lgb_num_leaves15,lightgbm,27,0.7607345635202271,2.39,0.9699310060755844,0.6701529704731413,9711,0.8007508715473317,0.9549088583306684,7458,0.7009500206526229,0.8038844149692089,2421,0.02251270878721859,0.5486725663716814,2754,0.0,0.0,200
rev1.0,nsl_kdd,lgb_num_leaves15,lightgbm,28,0.7645049680624556,2.55,0.9642673257131088,0.6767362867673629,9711,0.7483239474389917,0.9457719030672768,7458,0.7054935976869062,0.7903748264692272,2421,0.20987654320987653,0.9045383411580594,2754,0.02,0.6666666666666666,200
rev1.0,nsl_kdd,lgb_num_leaves15,lightgbm,29,0.7125177430801988,2.74,0.9388322520852641,0.6471924469368922,9711,0.7283454009117726,0.8798185941043084,7458,0.5592730276745147,0.643230403800475,2421,0.05737109658678286,0.9349112426035503,2754,0.01,0.2222222222222222,200
rev1.0,nsl_kdd,lgb_num_leaves15,lightgbm,30,0.7635734563520227,2.37,0.9605601894758521,0.6768739568971772,9711,0.7960579243765085,0.9776057961468796,7458,0.7600165220983065,0.8102157639806252,2421,0.03957879448075526,0.47391304347826085,2754,0.0,0.0,200
rev1.0,nsl_kdd,lgb_num_leaves15,lightgbm,31,0.7079932576295245,2.73,0.9163834826485429,0.66699145555389,9711,0.7127916331456154,0.776058394160584,7458,0.6460140437835605,0.7781094527363184,2421,0.06463326071169208,0.6617100371747212,2754,0.02,0.0547945205479452,200
rev1.0,nsl_kdd,lgb_num_leaves15,lightgbm,32,0.7393541518807665,2.59,0.956544125218824,0.6623645179691957,9711,0.7527487262000536,0.9449587611513214,7458,0.6373399421726559,0.6650862068965517,2421,0.07770515613652869,0.9224137931034483,2754,0.04,0.2962962962962963,200
rev1.0,nsl_kdd,lgb_num_leaves15,lightgbm,33,0.7276880766501065,2.46,0.9643703017196993,0.6432889133122681,9711,0.7408152319656744,0.9196071904127829,7458,0.5291201982651796,0.8107594936708861,2421,0.08496732026143791,0.6446280991735537,2754,0.0,0.0,200
rev1.0,nsl_kdd,lgb_num_leaves15,lightgbm,34,0.7222764371894961,2.71,0.9671506538976419,0.6275977280320748,9711,0.7130598015553767,0.9329824561403509,7458,0.6042957455596861,0.8307779670641681,2421,0.03957879448075526,0.9478260869565217,2754,0.005,0.3333333333333333,200
rev1.0,nsl_kdd,lgb_num_leaves15,lightgbm,35,0.7356724627395316,2.55,0.9457316445268252,0.6520411785587504,9711,0.7661571466881202,0.9384135325997701,7458,0.6117306897976043,0.7144235407621804,2421,0.07443718228031954,0.9276018099547512,2754,0.005,0.013157894736842105,200
rev1.0,nsl_kdd,lgb_num_leaves15,lightgbm,36,0.7417051100070973,2.58,0.9516012769024818,0.6740335521517141,9711,0.777420219898096,0.9222204549069508,7458,0.6931020239570426,0.7292481529769665,2421,0.0014524328249818446,0.041666666666666664,2754,0.0,0.0,200
rev1.0,nsl_kdd,lgb_num_leaves15,lightgbm,37,0.6985450674237047,2.44,0.9656060137987849,0.6186988651359198,9711,0.6574148565299007,0.9173058933582787,7458,0.5002065262288311,0.6935853379152348,2421,0.0915032679738562,0.9163636363636364,2754,0.025,0.22727272727272727,200
rev1.0,nsl_kdd,lgb_num_leaves15,lightgbm,38,0.7441004258339248,2.58,0.9649881577592421,0.6622614840989399,9711,0.7763475462590507,0.9493359567142154,7458,0.6480793060718711,0.7297674418604652,2421,0.015250544662309368,0.33070866141732286,2754,0.015,0.16666666666666666,200
rev1.0,nsl_kdd,lgb_num_leaves15,lightgbm,39,0.7309261887863733,2.6,0.924827515188961,0.6447699045157584,9711,0.7625368731563422,0.8840354422508938,7458,0.6224700536968195,0.8325966850828729,2421,0.10965867828612927,0.8184281842818428,2754,0.005,0.3333333333333333,200
rev1.0,nsl_kdd,lgb_num_leaves64,lightgbm,0,0.7652590489709014,2.75,0.963649469673566,0.6905253837072018,9711,0.7528828104049343,0.9546072764365862,7458,0.8380834365964478,0.7498152254249815,2421,0.0896877269426289,0.8458904109589042,2754,0.015,0.026785714285714284,200
rev1.0,nsl_kdd,lgb_num_leaves64,lightgbm,1,0.6113821859474805,2.47,0.9304911955514366,0.6127763461277634,9711,0.6119603110753553,0.6444507201355549,7458,0.07269723254853366,0.2634730538922156,2421,0.0018155410312273058,0.45454545454545453,2754,0.01,0.05405405405405406,200
rev1.0,nsl_kdd,lgb_num_leaves64,lightgbm,2,0.6181689141234918,2.6,0.9543816290804242,0.6141408786694056,9711,0.5207830517565031,0.8755635707844905,7458,0.3238331268071045,0.2887661141804788,2421,0.0,0.0,2754,0.0,0.0,200
rev1.0,nsl_kdd,lgb_num_leaves64,lightgbm,3,0.7409953867991483,2.43,0.950777468849758,0.7000530745318068,9711,0.7691069991954947,0.9094656730616775,7458,0.6968194960760017,0.5682047827551364,2421,0.017792302106027596,0.765625,2754,0.0,0.0,200
rev1.0,nsl_kdd,lgb_num_leaves64,lightgbm,4,0.7088804116394606,2.39,0.9601482854494903,0.6180155100417578,9711,0.6830249396621078,0.9569791470975014,7458,0.5766212308963239,0.7453283502402562,2421,0.06027596223674655,0.8097560975609757,2754,0.005,0.017857142857142856,200
rev1.0,nsl_kdd,lgb_num_leaves64,lightgbm,5,0.6003371185237757,2.33,0.9045412418906394,0.6037113402061856,9711,0.43295789755966746,0.8863573977491078,7458,0.6224700536968195,0.6478933791917455,2421,0.005083514887436456,0.016887816646562123,2754,0.0,0.0,200
rev1.0,nsl_kdd,lgb_num_leaves64,lightgbm,6,0.6572924059616749,2.5,0.9367727319534549,0.6572027163704667,9711,0.6790024135156878,0.7778801843317973,7458,0.22635274679884346,0.4065281899109792,2421,0.037037037037037035,0.4533333333333333,2754,0.035,0.011308562197092083,200
rev1.0,nsl_kdd,lgb_num_leaves64,lightgbm,7,0.714292051100071,2.56,0.9533518690145196,0.6544143634692867,9711,0.6481630463931349,0.9169195751138088,7458,0.6493184634448576,0.7919395465994962,2421,0.15940450254175745,0.49270482603815935,2754,0.0,0.0,200
rev1.0,nsl_kdd,lgb_num_leaves64,lightgbm,8,0.709235273243435,2.72,0.9428483163422923,0.6149093351242445,9711,0.7119871279163315,0.905062212374297,7458,0.6034696406443618,0.8665480427046264,2421,0.02251270878721859,0.8157894736842105,2754,0.0,0.0,200
rev1.0,nsl_kdd,lgb_num_leaves64,lightgbm,9,0.594082682753726,2.34,0.8984656575018021,0.6726543828540591,9711,0.3503620273531778,0.9207188160676533,7458,0.8380834365964478,0.3038789875692676,2421,0.00036310820624546115,1.0,2754,0.125,0.43859649122807015,200
rev1.0,nsl_kdd,lgb_num_leaves64,lightgbm,10,0.6527235628105039,2.13,0.9586036453506332,0.6300081212777477,9711,0.6395816572807723,0.7919641374730201,7458,0.26022304832713755,0.367561260210035,2421,0.002178649237472767,0.8571428571428571,2754,0.0,0.0,200
rev1.0,nsl_kdd,lgb_num_leaves64,lightgbm,11,0.7331440738112136,2.53,0.9623107815878901,0.6804776814971237,9711,0.7815768302493966,0.9350336862367661,7458,0.5349029326724494,0.7026587086272382,2421,0.021423384168482208,0.15526315789473685,2754,0.0,0.0,200
rev1.0,nsl_kdd,lgb_num_leaves64,lightgbm,12,0.6169712562100781,2.57,0.5974667902378745,0.746141975308642,9711,0.9117725931885224,0.570996725165841,7458,0.5377942998760843,0.47242380261248185,2421,0.0010893246187363835,0.05172413793103448,2754,0.01,0.044444444444444446,200
rev1.0,nsl_kdd,lgb_num_leaves64,lightgbm,13,0.28734918381831087,2.7,0.4978889918648955,0.4111394557823129,9711,0.0,0.0,7458,0.6757538207352334,0.17378372636498832,2421,0.0007262164124909223,0.0014803849000740192,2754,0.025,1.0,200
rev1.0,nsl_kdd,lgb_num_leaves64,lightgbm,14,0.6839070262597587,2.49,0.9587066213572237,0.6345419847328244,9711,0.6631804773397694,0.927432964560285,7458,0.41057414291615035,0.45722171113155474,2421,0.05954974582425563,0.5448504983388704,2754,0.02,0.0625,200
rev1.0,nsl_kdd,lgb_num_leaves64,lightgbm,15,0.693443931866572,2.51,0.8781793842034806,0.659704494468941,9711,0.7524805577902923,0.851464117736307,7458,0.5584469227591904,0.49852507374631266,2421,0.05010893246187364,0.5564516129032258,2754,0.015,0.045454545454545456,200
rev1.0,nsl_kdd,lgb_num_leaves64,lightgbm,16,0.7122072391767211,2.71,0.9458346205334157,0.7104733910891089,9711,0.7216411906677394,0.7867270866832334,7458,0.5766212308963239,0.5642683912691997,2421,0.03376906318082789,0.3163265306122449,2754,0.0,0.0,200
rev1.0,nsl_kdd,lgb_num_leaves64,lightgbm,17,0.46127572746628814,2.53,0.9426423643291113,0.45829578451987585,9711,0.13220702601233575,0.5653669724770642,7458,0.10615448161916563,0.4138486312399356,2421,0.0007262164124909223,0.2,2754,0.0,0.0,200
rev1.0,nsl_kdd,lgb_num_leaves64,lightgbm,18,0.636444286728176,2.28,0.9787869426423643,0.5925071686822092,9711,0.6484312148028962,0.8049267643142477,7458,0.0008261049153242462,0.2222222222222222,2421,0.0018155410312273058,0.01529051987767584,2754,0.0,0.0,200
rev1.0,nsl_kdd,lgb_num_leaves64,lightgbm,19,0.6933552164655784,2.43,0.9490268767377201,0.6209405740466244,9711,0.6371681415929203,0.960582171012735,7458,0.6026435357290376,0.708252427184466,2421,0.07298474945533769,0.78515625,2754,0.015,0.00683371298405467,200
rev1.0,nsl_kdd,lgb_num_leaves64,lightgbm,20,0.6205642299503193,2.25,0.8056842755637936,0.7189194156023155,9711,0.7318315902386698,0.5774439272111722,7458,0.24411400247831475,0.3452102803738318,2421,0.04175744371822803,0.25555555555555554,2754,0.01,0.0425531914893617,200
rev1.0,nsl_kdd,lgb_num_leaves64,lightgbm,21,0.7026703335699077,2.38,0.9673566059108227,0.6218721037998146,9711,0.6611692142665594,0.8967084924531733,7458,0.5187938868236266,0.7954401519949335,2421,0.0944081336238199,0.9420289855072463,2754,0.0,0.0,200
rev1.0,nsl_kdd,lgb_num_leaves64,lightgbm,22,0.613777501774308,2.06,0.8825043764802801,0.6143809592085454,9711,0.5627514078841512,0.8055662188099808,7458,0.4419661296984717,0.3162873189476796,2421,0.0,,2754,0.0,0.0,200
rev1.0,nsl_kdd,lgb_num_leaves64,lightgbm,23,0.6865684882895671,2.32,0.9583976933374524,0.6447076752563037,9711,0.6032448377581121,0.9827435561380515,7458,0.6670797191243288,0.47951306413301664,2421,0.020697167755991286,0.37012987012987014,2754,0.0,0.0,200
rev1.0,nsl_kdd,lgb_num_leaves64,lightgbm,24,0.6766767210787793,2.52,0.743898671609515,0.8064300066979236,9711,0.9845803164387236,0.598744292237443,7458,0.28418009087154067,0.5316846986089645,2421,0.0,0.0,2754,0.0,0.0,200
rev1.0,nsl_kdd,lgb_num_leaves64,lightgbm,25,0.47737757274662884,2.53,0.3117083719493358,0.7775494477266889,9711,0.9499865915795119,0.39536830357142855,7458,0.26848409748038,0.9002770083102493,2421,0.0,,2754,0.0,0.0,200
rev1.0,nsl_kdd,lgb_num_leaves64,lightgbm,26,0.7101224272533712,2.54,0.9677685099371847,0.6365483608778109,9711,0.7337087691069992,0.9244804865686771,7458,0.45890128046261874,0.7040557667934094,2421,0.004720406681190995,0.16883116883116883,2754,0.075,0.07281553398058252,200
rev1.0,nsl_kdd,lgb_num_leaves64,lightgbm,27,0.7160663591199432,2.48,0.9646792297394707,0.6689517280776921,9711,0.8373558594797533,0.8063266623628147,7458,0.20859149111937217,0.7651515151515151,2421,0.0036310820624546117,0.23809523809523808,2754,0.075,0.16129032258064516,200
rev1.0,nsl_kdd,lgb_num_leaves64,lightgbm,28,0.45351312987934705,2.63,0.9936154875913912,0.44291943998163874,9711,0.0005363368195226602,0.5,7458,0.214787277984304,0.933572710951526,2421,0.018518518518518517,0.26288659793814434,2754,0.0,,200
rev1.0,nsl_kdd,lgb_num_leaves64,lightgbm,29,0.6530784244144784,2.25,0.865616311399444,0.6869892121608369,9711,0.8031643872351837,0.6505212858384014,7458,0.11524163568773234,0.3695364238410596,2421,0.017429193899782137,0.2594594594594595,2754,0.0,0.0,200
rev1.0,nsl_kdd,lgb_num_leaves64,lightgbm,30,0.7143807665010646,2.56,0.9385233240654928,0.6436440677966102,9711,0.7551622418879056,0.9518336995098867,7458,0.49318463444857497,0.7179795550210463,2421,0.05628177196804648,0.2545155993431856,2754,0.05,0.05128205128205128,200
rev1.0,nsl_kdd,lgb_num_leaves64,lightgbm,31,0.5356635911994322,2.4,0.606219750798064,0.7004164187983343,9711,0.6967015285599356,0.636452719255267,7458,0.34324659231722426,0.21651902032308493,2421,0.05591866376180102,0.3979328165374677,2754,0.04,0.004571428571428572,200
rev1.0,nsl_kdd,lgb_num_leaves64,lightgbm,32,0.7199254790631654,2.54,0.9634435176603852,0.6256938407008628,9711,0.7503352105122016,0.9277188328912467,7458,0.4812061131763734,0.8460421205519245,2421,0.04103122730573711,0.6208791208791209,2754,0.0,,200
rev1.0,nsl_kdd,lgb_num_leaves64,lightgbm,33,0.6201206529453513,2.5,0.9761095664710122,0.5640247530643818,9711,0.40694556181281843,0.9963887065003283,7458,0.6055349029326724,0.5509207065013153,2421,0.0,0.0,2754,0.0,0.0,200
rev1.0,nsl_kdd,lgb_num_leaves64,lightgbm,34,0.6558729595457772,2.74,0.9436721243950159,0.6002882221931088,9711,0.6061946902654868,0.844573136558939,7458,0.45146633622470056,0.6502082093991671,2421,0.002904865649963689,0.039603960396039604,2754,0.0,0.0,200
rev1.0,nsl_kdd,lgb_num_leaves64,lightgbm,35,0.6439407381121363,2.91,0.9185459787869427,0.6041313918049441,9711,0.5785733440600698,0.7995182508801186,7458,0.5154894671623296,0.624312156078039,2421,0.012345679012345678,0.2556390977443609,2754,0.0,0.0,200
rev1.0,nsl_kdd,lgb_num_leaves64,lightgbm,36,0.7023154719659332,2.87,0.946349500566368,0.6414909953929918,9711,0.7031375703942075,0.9685999261174733,7458,0.5617513424204874,0.6123367852318775,2421,0.013798111837327523,0.0794979079497908,2754,0.005,0.009523809523809525,200
rev1.0,nsl_kdd,lgb_num_leaves64,lightgbm,37,0.7224982256919801,2.74,0.9284316754196272,0.649848637739657,9711,0.7760793778492894,0.9011365405573719,7458,0.5976869062370921,0.7037937743190662,2421,0.012708787218591141,0.4666666666666667,2754,0.01,0.017241379310344827,200
rev1.0,nsl_kdd,lgb_num_leaves64,lightgbm,38,0.642388218594748,2.65,0.8947585212645454,0.7006693008628336,9711,0.6814159292035398,0.6802302235309865,7458,0.2862453531598513,0.4369482976040353,2421,0.0,0.0,2754,0.09,0.017543859649122806,200
rev1.0,nsl_kdd,lgb_num_leaves64,lightgbm,39,0.6915365507452094,2.86,0.9289465554525795,0.6130062516988312,9711,0.7178868329310807,0.890996838076219,7458,0.5010326311441553,0.687641723356009,2421,0.0,0.0,2754,0.01,0.06451612903225806,200
rev1.0,nsl_kdd,lgb_lr005_400rounds,lightgbm,0,0.7540809084457062,6.21,0.9669447018844609,0.6682322801024765,9711,0.7424242424242424,0.9579584775086505,7458,0.7505163155720777,0.8155296229802513,2421,0.09222948438634714,0.711484593837535,2754,0.01,0.015748031496062992,200
rev1.0,nsl_kdd,lgb_lr005_400rounds,lightgbm,1,0.7472054648687012,6.93,0.9710637421480794,0.6482881891929053,9711,0.7723250201126307,0.9612817089452603,7458,0.6030565881866997,0.8453966415749855,2421,0.06608569353667393,0.9837837837837838,2754,0.065,0.13829787234042554,200
rev1.0,nsl_kdd,lgb_lr005_400rounds,lightgbm,2,0.7553229240596168,6.89,0.9717845741942127,0.6523121587060206,9711,0.7904263877715205,0.962606139777923,7458,0.6166873192895498,0.8585393904542841,2421,0.06935366739288308,0.9744897959183674,2754,0.06,0.6666666666666666,200
rev1.0,nsl_kdd,lgb_lr005_400rounds,lightgbm,3,0.7490684882895671,6.71,0.9716815981876222,0.6464784872567827,9711,0.7581120943952803,0.9607476635514018,7458,0.6158612143742255,0.8534630795649685,2421,0.1056644880174292,0.9831081081081081,2754,0.075,0.75,200
rev1.0,nsl_kdd,lgb_lr005_400rounds,lightgbm,4,0.7487579843860894,6.66,0.9709607661414891,0.6506348330113166,9711,0.7731295253419147,0.9611601933655609,7458,0.6162742668318877,0.8462847419171866,2421,0.06209150326797386,0.9715909090909091,2754,0.11,0.19298245614035087,200
rev1.0,nsl_kdd,lgb_lr005_400rounds,lightgbm,5,0.7395759403832506,6.89,0.9635464936669756,0.6430927835051546,9711,0.7620005363368195,0.9607776838546069,7458,0.6253614209004543,0.8369264787175235,2421,0.03631082062454612,0.9345794392523364,2754,0.095,0.1165644171779141,200
rev1.0,nsl_kdd,lgb_lr005_400rounds,lightgbm,6,0.7565649396735273,6.94,0.9713726701678509,0.6577644515724148,9711,0.7869401984446233,0.9624467038373237,7458,0.6179264766625362,0.8471121177802945,2421,0.08896151053013798,0.98,2754,0.065,0.14606741573033707,200
rev1.0,nsl_kdd,lgb_lr005_400rounds,lightgbm,7,0.7621540099361249,6.61,0.9711667181546699,0.6596488773868644,9711,0.801421292571735,0.9631002255881405,7458,0.6266005782734407,0.8575466365178067,2421,0.08496732026143791,0.9831932773109243,2754,0.115,0.6764705882352942,200
rev1.0,nsl_kdd,lgb_lr005_400rounds,lightgbm,8,0.7658800567778566,6.73,0.9715786221810319,0.6646238377007607,9711,0.8132207026012336,0.9636161423578011,7458,0.6237092110698058,0.8487914558740866,2421,0.08641975308641975,0.9875518672199171,2754,0.09,0.5294117647058824,200
rev1.0,nsl_kdd,lgb_lr005_400rounds,lightgbm,9,0.752306600425834,6.64,0.9710637421480794,0.6503448275862069,9711,0.7713864306784661,0.9612364243943191,7458,0.6162742668318877,0.8550143266475645,2421,0.09840232389251997,0.9890510948905109,2754,0.07,0.35,200
rev1.0,nsl_kdd,lgb_lr005_400rounds,lightgbm,10,0.7637065294535131,6.76,0.9713726701678509,0.6614079371757117,9711,0.802628050415661,0.9633086578693273,7458,0.6137959520859149,0.8540229885057471,2421,0.10493827160493827,0.9796610169491525,2754,0.115,0.696969696969697,200
rev1.0,nsl_kdd,lgb_lr005_400rounds,lightgbm,11,0.757319020581973,6.72,0.9716815981876222,0.6550048590864918,9711,0.7940466613032985,0.9626137841352406,7458,0.6034696406443618,0.8484320557491289,2421,0.0878721859114016,0.983739837398374,2754,0.06,0.6666666666666666,200
rev1.0,nsl_kdd,lgb_lr005_400rounds,lightgbm,12,0.6554293825408091,5.54,0.9355370198743693,0.6430492638731596,9711,0.7123893805309734,0.6671270718232044,7458,0.15159025196199918,0.8594847775175644,2421,0.0039941902687000725,0.44,2754,0.0,,200
rev1.0,nsl_kdd,lgb_lr005_400rounds,lightgbm,13,0.7008073101490419,5.44,0.963649469673566,0.6783617252627764,9711,0.7247251273799946,0.8703703703703703,7458,0.4246179264766625,0.7060439560439561,2421,0.002904865649963689,0.010884353741496598,2754,0.0,0.0,200
rev1.0,nsl_kdd,lgb_lr005_400rounds,lightgbm,14,0.743834279630944,6.73,0.9704458861085367,0.6425308515715552,9711,0.7581120943952803,0.9599320882852292,7458,0.6166873192895498,0.8430265386787126,2421,0.06535947712418301,0.967741935483871,2754,0.09,0.6,200
rev1.0,nsl_kdd,lgb_lr005_400rounds,lightgbm,15,0.7577625975869411,6.68,0.9711667181546699,0.6559782986714892,9711,0.7825154196835613,0.961766644693474,7458,0.6315572077653862,0.8499166203446359,2421,0.09513435003631082,0.9849624060150376,2754,0.125,0.7352941176470589,200
rev1.0,nsl_kdd,lgb_lr005_400rounds,lightgbm,16,0.7389105748757985,6.54,0.9602512614560808,0.6643157369808363,9711,0.7696433360150174,0.9096671949286846,7458,0.5613382899628253,0.7579475738984941,2421,0.0784313725490196,0.5684210526315789,2754,0.09,0.75,200
rev1.0,nsl_kdd,lgb_lr005_400rounds,lightgbm,17,0.7275106458481192,5.27,0.9760065904644218,0.6344042838018742,9711,0.7262000536336819,0.9533532828727337,7458,0.5415117719950434,0.7675644028103045,2421,0.07116920842411038,0.9245283018867925,2754,0.0,0.0,200
rev1.0,nsl_kdd,lgb_lr005_400rounds,lightgbm,18,0.7547906316536551,6.37,0.9706518381217176,0.6527700831024931,9711,0.7649503888441942,0.9609230250968502,7458,0.6365138372573317,0.8561111111111112,2421,0.11546840958605664,0.99375,2754,0.13,0.5531914893617021,200
rev1.0,nsl_kdd,lgb_lr005_400rounds,lightgbm,19,0.7435237757274663,5.02,0.9566471012254145,0.6995481927710844,9711,0.7444355054974524,0.9497092028737598,7458,0.6741016109045849,0.5862068965517241,2421,0.10457516339869281,0.4698205546492659,2754,0.0,0.0,200
rev1.0,nsl_kdd,lgb_lr005_400rounds,lightgbm,20,0.7503992193044713,6.43,0.9713726701678509,0.6515402679928167,9711,0.7764816304639314,0.9619601328903654,7458,0.61090458488228,0.8427350427350427,2421,0.07407407407407407,0.9807692307692307,2754,0.05,0.12048192771084337,200
rev1.0,nsl_kdd,lgb_lr005_400rounds,lightgbm,21,0.6070351312987935,4.92,0.7470909278138194,0.6641948182733681,9711,0.7480557790292304,0.5542420027816412,7458,0.349029326724494,0.6722354813046937,2421,0.0007262164124909223,0.008264462809917356,2754,0.02,0.07142857142857142,200
rev1.0,nsl_kdd,lgb_lr005_400rounds,lightgbm,22,0.7483587650816181,6.21,0.9713726701678509,0.6453886152162014,9711,0.7594529364440868,0.9606512890094979,7458,0.6146220570012392,0.8571428571428571,2421,0.09731299927378359,0.9852941176470589,2754,0.09,0.75,200
rev1.0,nsl_kdd,lgb_lr005_400rounds,lightgbm,23,0.7304826117814053,5.09,0.9587066213572237,0.6752248331882796,9711,0.774604451595602,0.9350922628682421,7458,0.5687732342007435,0.5615823817292006,2421,0.0,0.0,2754,0.02,0.03636363636363636,200
rev1.0,nsl_kdd,lgb_lr005_400rounds,lightgbm,24,0.7673438608942512,5.84,0.9686952939964988,0.6887034189911414,9711,0.8260927862697774,0.9622052163048571,7458,0.631144155307724,0.6806236080178174,2421,0.07262164124909223,0.9302325581395349,2754,0.015,0.13636363636363635,200
rev1.0,nsl_kdd,lgb_lr005_400rounds,lightgbm,25,0.7276880766501065,5.49,0.9749768303985171,0.638564780468065,9711,0.7492625368731564,0.955867259664728,7458,0.5567947129285419,0.7841768470040721,2421,0.0,0.0,2754,0.005,0.007352941176470588,200
rev1.0,nsl_kdd,lgb_lr005_400rounds,lightgbm,26,0.7502661462029808,6.51,0.9716815981876222,0.6523783185840708,9711,0.7807723250201126,0.9616845582163501,7458,0.6067740603056588,0.8337116912599319,2421,0.06172839506172839,0.9826589595375722,2754,0.08,0.17777777777777778,200
rev1.0,nsl_kdd,lgb_lr005_400rounds,lightgbm,27,0.6596433640880057,5.34,0.8737514159200906,0.6072860005725738,9711,0.6645213193885761,0.8253122398001665,7458,0.5621643948781495,0.5701717637201508,2421,0.023965141612200435,0.6804123711340206,2754,0.015,0.03614457831325301,200
rev1.0,nsl_kdd,lgb_lr005_400rounds,lightgbm,28,0.7535042583392477,6.35,0.9714756461744414,0.6502619244554728,9711,0.7708500938589434,0.9615320287673524,7458,0.631144155307724,0.8642533936651584,2421,0.09259259259259259,0.9922178988326849,2754,0.105,0.65625,200
rev1.0,nsl_kdd,lgb_lr005_400rounds,lightgbm,29,0.7546132008516678,6.46,0.9706518381217176,0.6528152919177228,9711,0.7704478412443014,0.9610302726208396,7458,0.6290788930194134,0.8508379888268156,2421,0.10711692084241103,0.9899328859060402,2754,0.11,0.5789473684210527,200
rev1.0,nsl_kdd,lgb_lr005_400rounds,lightgbm,30,0.7491572036905607,6.44,0.9713726701678509,0.6465387251542152,9711,0.7601233574684902,0.9606846297237757,7458,0.6125567947129286,0.8542626728110599,2421,0.10130718954248366,0.9893617021276596,2754,0.125,0.7142857142857143,200
rev1.0,nsl_kdd,lgb_lr005_400rounds,lightgbm,31,0.7539034776437189,6.53,0.9710637421480794,0.6516931582584657,9711,0.77420219898096,0.9615320566194837,7458,0.6092523750516315,0.8516166281755196,2421,0.10639070442992012,0.979933110367893,2754,0.12,0.631578947368421,200
rev1.0,nsl_kdd,lgb_lr005_400rounds,lightgbm,32,0.7606014904187367,6.53,0.9714756461744414,0.6600433778772826,9711,0.7987396084741217,0.9625141379867507,7458,0.6249483684427922,0.8461968680089486,2421,0.08169934640522876,0.974025974025974,2754,0.09,0.4186046511627907,200
rev1.0,nsl_kdd,lgb_lr005_400rounds,lightgbm,33,0.7115862313697658,5.11,0.9616929255483473,0.6179857067231339,9711,0.7131938857602574,0.9424167257264352,7458,0.5497728211482859,0.8066666666666666,2421,0.0018155410312273058,0.20833333333333334,2754,0.24,0.42105263157894735,200
rev1.0,nsl_kdd,lgb_lr005_400rounds,lightgbm,34,0.7504435770049681,6.64,0.9717845741942127,0.648680230959582,9711,0.7633413783856262,0.9611683268613878,7458,0.6171003717472119,0.8440677966101695,2421,0.10167029774872913,0.9824561403508771,2754,0.07,0.7777777777777778,200
rev1.0,nsl_kdd,lgb_lr005_400rounds,lightgbm,35,0.7480926188786373,6.61,0.9710637421480794,0.646554679465204,9711,0.7630732099758648,0.9613175675675676,7458,0.6187525815778604,0.8448956570783982,2421,0.08024691358024691,0.9778761061946902,2754,0.125,0.625,200
rev1.0,nsl_kdd,lgb_lr005_400rounds,lightgbm,36,0.7505766501064585,6.78,0.9711667181546699,0.6484015125472671,9711,0.7666934835076428,0.9610084033613445,7458,0.6228831061544816,0.8524590163934426,2421,0.08424110384894698,0.9830508474576272,2754,0.16,0.7272727272727273,200
rev1.0,nsl_kdd,lgb_lr005_400rounds,lightgbm,37,0.670111781405252,5.47,0.8238080527237154,0.6688403979600368,9711,0.7097076964333602,0.7595063854211508,7458,0.5786864931846345,0.5498430141287284,2421,0.14161220043572983,0.4083769633507853,2754,0.115,0.2072072072072072,200
rev1.0,nsl_kdd,lgb_lr005_400rounds,lightgbm,38,0.750221788502484,6.88,0.9668417258778704,0.6633929202289267,9711,0.7725931885223921,0.9580977718656468,7458,0.654275092936803,0.7876678269517653,2421,0.058823529411764705,0.7980295566502463,2754,0.08,0.09815950920245399,200
rev1.0,nsl_kdd,lgb_lr005_400rounds,lightgbm,39,0.7501330731014905,6.64,0.9713726701678509,0.6483607120764314,9711,0.7645481362295522,0.9609032692955848,7458,0.6274266831887649,0.8457683741648107,2421,0.08823529411764706,0.9878048780487805,2754,0.07,0.7368421052631579,200
rev1.0,nsl_kdd,lgb_xgb_matched_reg,lightgbm,0,0.7610894251242015,2.88,0.9719905262073937,0.6636433945018632,9711,0.799410029498525,0.9625443978043268,7458,0.6414704667492772,0.8101199791340636,2421,0.07044299201161947,0.9797979797979798,2754,0.05,0.8333333333333334,200
rev1.0,nsl_kdd,lgb_xgb_matched_reg,lightgbm,1,0.7601135557132718,2.83,0.9724024302337555,0.660904255319149,9711,0.7919013140252078,0.9622026718800912,7458,0.6460140437835605,0.8288288288288288,2421,0.07734204793028322,0.9770642201834863,2754,0.05,0.7692307692307693,200
rev1.0,nsl_kdd,lgb_xgb_matched_reg,lightgbm,2,0.7638396025550035,2.88,0.9719905262073937,0.6669257401257684,9711,0.7968624296057925,0.9624291497975709,7458,0.644361833952912,0.8091286307053942,2421,0.09731299927378359,0.9745454545454545,2754,0.05,0.7692307692307693,200
rev1.0,nsl_kdd,lgb_xgb_matched_reg,lightgbm,3,0.7677430801987225,2.82,0.9718875502008032,0.6724137931034483,9711,0.8000804505229284,0.9625746088078723,7458,0.6621230896323833,0.8015,2421,0.10530137981118373,0.9797297297297297,2754,0.05,0.7692307692307693,200
rev1.0,nsl_kdd,lgb_xgb_matched_reg,lightgbm,4,0.7622870830376153,2.87,0.9721964782205746,0.6641108610016883,9711,0.8043711450791097,0.9627668111057616,7458,0.6361007847996696,0.8182784272051009,2421,0.07116920842411038,0.9702970297029703,2754,0.045,0.6923076923076923,200
rev1.0,nsl_kdd,lgb_xgb_matched_reg,lightgbm,5,0.7633516678495387,2.86,0.972711358253527,0.6674203349113262,9711,0.7948511665325825,0.9623376623376624,7458,0.6526228831061545,0.8012170385395537,2421,0.08823529411764706,0.9918367346938776,2754,0.06,0.8571428571428571,200
rev1.0,nsl_kdd,lgb_xgb_matched_reg,lightgbm,6,0.7639283179559971,2.84,0.9717845741942127,0.6672087104072398,9711,0.7939125770984178,0.9622948155371364,7458,0.6546881453944651,0.809086268504339,2421,0.09803921568627451,0.9782608695652174,2754,0.045,0.75,200
rev1.0,nsl_kdd,lgb_xgb_matched_reg,lightgbm,7,0.7670333569907736,2.85,0.9721964782205746,0.6668785759694851,9711,0.7927058192544918,0.9622395833333334,7458,0.6802973977695167,0.8476582604220277,2421,0.10239651416122005,0.9825783972125436,2754,0.05,0.7692307692307693,200
rev1.0,nsl_kdd,lgb_xgb_matched_reg,lightgbm,8,0.7581174591909156,2.96,0.9720935022139842,0.661852345228914,9711,0.7945829981228212,0.9623254303345242,7458,0.6129698471705907,0.7910447761194029,2421,0.08387799564270153,0.9871794871794872,2754,0.05,0.7692307692307693,200
rev1.0,nsl_kdd,lgb_xgb_matched_reg,lightgbm,9,0.7631742370475515,2.82,0.9724024302337555,0.6648127288087863,9711,0.804237060874229,0.9627608346709471,7458,0.6336224700536969,0.8194444444444444,2421,0.07915758896151052,0.9775784753363229,2754,0.06,0.8,200
rev1.0,nsl_kdd,lgb_xgb_matched_reg,lightgbm,10,0.7704488999290277,2.82,0.9728143342601174,0.6692405780674412,9711,0.7969965138106732,0.9624352331606217,7458,0.6629491945477075,0.8582887700534759,2421,0.1328976034858388,0.9838709677419355,2754,0.035,0.7,200
rev1.0,nsl_kdd,lgb_xgb_matched_reg,lightgbm,11,0.7645936834634492,2.85,0.9719905262073937,0.6690530195633683,9711,0.8012872083668544,0.9626288659793815,7458,0.6220570012391574,0.7917981072555205,2421,0.1111111111111111,0.9807692307692307,2754,0.05,0.7142857142857143,200
rev1.0,nsl_kdd,lgb_xgb_matched_reg,lightgbm,12,0.767876153300213,2.96,0.9726083822469365,0.669478310178622,9711,0.7991418610887637,0.962532299741602,7458,0.6712102437009501,0.830352580480327,2421,0.09840232389251997,0.9854545454545455,2754,0.05,0.8333333333333334,200
rev1.0,nsl_kdd,lgb_xgb_matched_reg,lightgbm,13,0.7625975869410929,2.85,0.9721964782205746,0.665984762979684,9711,0.7910968087959238,0.9621656881930855,7458,0.6546881453944651,0.8078491335372069,2421,0.09259259259259259,0.9770114942528736,2754,0.055,0.8461538461538461,200
rev1.0,nsl_kdd,lgb_xgb_matched_reg,lightgbm,14,0.7746185237757275,2.9,0.9719905262073937,0.6784302450945159,9711,0.8168409761330115,0.963314358001265,7458,0.667905824039653,0.8137896326119779,2421,0.11038489469862019,0.990228013029316,2754,0.055,0.8461538461538461,200
rev1.0,nsl_kdd,lgb_xgb_matched_reg,lightgbm,15,0.7590489709013485,2.9,0.9719905262073937,0.6630839480154549,9711,0.7912308930008045,0.9620149983697425,7458,0.654275092936803,0.7991927346115035,2421,0.06390704429920116,0.9832402234636871,2754,0.06,0.8571428571428571,200
rev1.0,nsl_kdd,lgb_xgb_matched_reg,lightgbm,16,0.7659687721788503,2.84,0.9719905262073937,0.6687212185618137,9711,0.801421292571735,0.9626348848445805,7458,0.6493184634448576,0.8140859658208183,2421,0.09767610748002904,0.9817518248175182,2754,0.055,0.7333333333333333,200
rev1.0,nsl_kdd,lgb_xgb_matched_reg,lightgbm,17,0.7642831795599716,2.86,0.9721964782205746,0.6640641485545473,9711,0.8000804505229284,0.9625746088078723,7458,0.6356877323420075,0.8382352941176471,2421,0.09876543209876543,0.9819494584837545,2754,0.055,0.7333333333333333,200
rev1.0,nsl_kdd,lgb_xgb_matched_reg,lightgbm,18,0.7636178140525195,2.97,0.9720935022139842,0.6679875459949052,9711,0.7968624296057925,0.9624291497975709,7458,0.6084262701363073,0.7877005347593583,2421,0.12599854756717502,0.9830028328611898,2754,0.06,0.8571428571428571,200
rev1.0,nsl_kdd,lgb_xgb_matched_reg,lightgbm,19,0.7592264017033357,2.89,0.9718875502008032,0.6600923206042804,9711,0.7853311879860553,0.9618985055017244,7458,0.664601404378356,0.8298091799896854,2421,0.07334785766158315,0.9805825242718447,2754,0.05,0.8333333333333334,200
rev1.0,nsl_kdd,lgb_xgb_matched_reg,lightgbm,20,0.7681866572036906,2.96,0.972299454227165,0.6701682163389878,9711,0.8004827031375704,0.9625927120283779,7458,0.6604708798017348,0.825503355704698,2421,0.10784313725490197,0.9834437086092715,2754,0.05,0.7142857142857143,200
rev1.0,nsl_kdd,lgb_xgb_matched_reg,lightgbm,21,0.7668559261887864,2.97,0.9718875502008032,0.673037153248235,9711,0.7936444086886565,0.9622825556820029,7458,0.6480793060718711,0.7848924462231116,2421,0.12672476397966595,0.9830985915492958,2754,0.065,0.8125,200
rev1.0,nsl_kdd,lgb_xgb_matched_reg,lightgbm,22,0.7684528034066714,2.9,0.9717845741942127,0.6690060966964412,9711,0.8051756503083937,0.9628026294692962,7458,0.6365138372573317,0.8316243928764167,2421,0.11946259985475671,0.987987987987988,2754,0.06,0.8,200
rev1.0,nsl_kdd,lgb_xgb_matched_reg,lightgbm,23,0.7666341376863024,2.86,0.972505406240346,0.6703577512776832,9711,0.7945829981228212,0.9623254303345242,7458,0.6774060305658819,0.8130887456618741,2421,0.09513435003631082,0.9849624060150376,2754,0.055,0.7333333333333333,200
rev1.0,nsl_kdd,lgb_xgb_matched_reg,lightgbm,24,0.7635290986515259,2.85,0.9717845741942127,0.6660784867306606,9711,0.7940466613032985,0.962300942476438,7458,0.6617100371747212,0.8169301376848547,2421,0.08823529411764706,0.972,2754,0.045,0.8181818181818182,200
rev1.0,nsl_kdd,lgb_xgb_matched_reg,lightgbm,25,0.7582948899929027,2.95,0.9721964782205746,0.658735696343846,9711,0.7945829981228212,0.9626380766731644,7458,0.6179264766625362,0.822429906542056,2421,0.07988380537400146,0.990990990990991,2754,0.06,0.8,200
rev1.0,nsl_kdd,lgb_xgb_matched_reg,lightgbm,26,0.7659244144783535,2.86,0.9720935022139842,0.6647419195831279,9711,0.801421292571735,0.9626348848445805,7458,0.6468401486988847,0.8497015735214325,2421,0.09840232389251997,0.9854545454545455,2754,0.065,0.8125,200
rev1.0,nsl_kdd,lgb_xgb_matched_reg,lightgbm,27,0.7660131298793471,3.01,0.9720935022139842,0.6677985285795133,9711,0.7940466613032985,0.962300942476438,7458,0.6654275092936803,0.8257303946694003,2421,0.10348583877995643,0.986159169550173,2754,0.055,0.7857142857142857,200
rev1.0,nsl_kdd,lgb_xgb_matched_reg,lightgbm,28,0.7615773598296665,2.89,0.9719905262073937,0.6628511235955056,9711,0.7953875033521052,0.9623621025308241,7458,0.6584056175134242,0.8284823284823285,2421,0.07080610021786492,0.9558823529411765,2754,0.045,0.75,200
rev1.0,nsl_kdd,lgb_xgb_matched_reg,lightgbm,29,0.7652590489709014,2.85,0.9721964782205746,0.6691473527535615,9711,0.802628050415661,0.96268896751367,7458,0.6332094175960347,0.7996870109546166,2421,0.10239651416122005,0.9791666666666666,2754,0.05,0.8333333333333334,200
rev1.0,nsl_kdd,lgb_xgb_matched_reg,lightgbm,30,0.7675212916962385,2.95,0.9719905262073937,0.6668786208845556,9711,0.798203271654599,0.9624898949070332,7458,0.6480793060718711,0.8453663793103449,2421,0.12018881626724764,0.9851190476190477,2754,0.055,0.8461538461538461,200
rev1.0,nsl_kdd,lgb_xgb_matched_reg,lightgbm,31,0.7659244144783535,2.94,0.9719905262073937,0.6669728660260034,9711,0.799007776883883,0.9623708010335917,7458,0.6489054109871953,0.829023746701847,2421,0.10457516339869281,0.9829351535836177,2754,0.05,0.8333333333333334,200
rev1.0,nsl_kdd,lgb_xgb_matched_reg,lightgbm,32,0.7671220723917672,2.87,0.9720935022139842,0.6701689620900184,9711,0.8020917135961384,0.9626649501126489,7458,0.6389921520033044,0.8095238095238095,2421,0.1140159767610748,0.98125,2754,0.055,0.8461538461538461,200
rev1.0,nsl_kdd,lgb_xgb_matched_reg,lightgbm,33,0.7629080908445706,2.93,0.972299454227165,0.6636210289569863,9711,0.7960579243765085,0.9622366288492706,7458,0.6526228831061545,0.8328940432261466,2421,0.08424110384894698,0.9789029535864979,2754,0.04,0.6666666666666666,200
rev1.0,nsl_kdd,lgb_xgb_matched_reg,lightgbm,34,0.7690738112136267,2.83,0.972711358253527,0.6711190053285968,9711,0.8020917135961384,0.9626649501126489,7458,0.6456009913258984,0.8221988427143608,2421,0.12164124909222948,0.9852941176470589,2754,0.06,0.8571428571428571,200
rev1.0,nsl_kdd,lgb_xgb_matched_reg,lightgbm,35,0.756653655074521,2.64,0.9718875502008032,0.6564651874521805,9711,0.7914990614105658,0.9617139133268165,7458,0.6406443618339529,0.8370210469508904,2421,0.05737109658678286,0.9575757575757575,2754,0.04,0.7272727272727273,200
rev1.0,nsl_kdd,lgb_xgb_matched_reg,lightgbm,36,0.7654364797728885,2.57,0.9719905262073937,0.666078611248324,9711,0.8023598820058997,0.9626769626769627,7458,0.6427096241222635,0.8320855614973262,2421,0.09658678286129267,0.9779411764705882,2754,0.055,0.7333333333333333,200
rev1.0,nsl_kdd,lgb_xgb_matched_reg,lightgbm,37,0.7606902058197303,2.8,0.972299454227165,0.6624570265908931,9711,0.7866720300348619,0.9619609772093786,7458,0.6261875258157786,0.8163704900376952,2421,0.11474219317356572,0.978328173374613,2754,0.04,0.6666666666666666,200
rev1.0,nsl_kdd,lgb_xgb_matched_reg,lightgbm,38,0.7665010645848119,2.99,0.972299454227165,0.6674206545557362,9711,0.7956556717618665,0.9623743107362959,7458,0.6621230896323833,0.8344612181155648,2421,0.10639070442992012,0.9832214765100671,2754,0.04,0.6666666666666666,200
rev1.0,nsl_kdd,lgb_xgb_matched_reg,lightgbm,39,0.7600691980127751,2.93,0.9718875502008032,0.6627343585422372,9711,0.7923035666398498,0.9622211366226999,7458,0.6249483684427922,0.8047872340425531,2421,0.09586056644880174,0.9814126394052045,2754,0.055,0.8461538461538461,200
rev1.0,nsl_kdd,xgb_baseline,xgboost,0,0.7785220014194464,3.61,0.9716815981876222,0.6806116560877091,9711,0.8431214802896219,0.9642692838521699,7458,0.6464270962412226,0.828042328042328,2421,0.0915032679738562,0.984375,2754,0.05,0.7692307692307693,200
rev1.0,nsl_kdd,xgb_baseline,xgboost,1,0.7746628814762243,3.78,0.9716815981876222,0.6781171397772189,9711,0.8423169750603379,0.9645324735145094,7458,0.6158612143742255,0.8046411225040475,2421,0.08896151053013798,0.98,2754,0.05,0.7692307692307693,200
rev1.0,nsl_kdd,xgb_baseline,xgboost,2,0.7749290276792051,3.61,0.9719905262073937,0.6755654165473804,9711,0.8433896486993833,0.9642802391537636,7458,0.6464270962412226,0.839142091152815,2421,0.060639070442992014,0.9709302325581395,2754,0.045,0.75,200
rev1.0,nsl_kdd,xgb_baseline,xgboost,3,0.7774130589070263,3.56,0.9718875502008032,0.680657723929035,9711,0.8413783856261733,0.9641979102642901,7458,0.6666666666666666,0.8217922606924644,2421,0.06899055918663761,0.979381443298969,2754,0.045,0.75,200
rev1.0,nsl_kdd,xgb_baseline,xgboost,4,0.7778122782114976,3.51,0.9719905262073937,0.681024531024531,9711,0.8412443014212926,0.9641924081758106,7458,0.6575795125981,0.8210417741103662,2421,0.08097312999273784,0.9823788546255506,2754,0.035,0.6363636363636364,200
rev1.0,nsl_kdd,xgb_baseline,xgboost,5,0.7756387508871541,3.53,0.972299454227165,0.6777203560149296,9711,0.8366854384553499,0.9640043256604357,7458,0.6712102437009501,0.8329062019477191,2421,0.06136528685548293,0.9712643678160919,2754,0.05,0.7142857142857143,200
rev1.0,nsl_kdd,xgb_baseline,xgboost,6,0.7762154009936125,3.53,0.9715786221810319,0.680883308075341,9711,0.8416465540359346,0.9642089093701997,7458,0.6658405617513424,0.8080200501253133,2421,0.05809731299927379,0.9815950920245399,2754,0.075,0.7894736842105263,200
rev1.0,nsl_kdd,xgb_baseline,xgboost,7,0.7780784244144784,3.49,0.9716815981876222,0.6831245927749222,9711,0.8417806382408153,0.9642144063891875,7458,0.6464270962412226,0.8021527421834956,2421,0.0915032679738562,0.9882352941176471,2754,0.05,0.7142857142857143,200
rev1.0,nsl_kdd,xgb_baseline,xgboost,8,0.7784332860184529,3.52,0.9718875502008032,0.6842601319509897,9711,0.8405738803968893,0.9641648723469701,7458,0.6707971912432878,0.8031651829871415,2421,0.0766158315177923,0.9768518518518519,2754,0.035,0.6363636363636364,200
rev1.0,nsl_kdd,xgb_baseline,xgboost,9,0.7729772888573456,3.49,0.9719905262073937,0.6782352518502551,9711,0.8291767229820327,0.9636901979117968,7458,0.6654275092936803,0.8010939830929885,2421,0.06535947712418301,0.9836065573770492,2754,0.06,0.75,200
rev1.0,nsl_kdd,xgb_baseline,xgboost,10,0.7757718239886444,3.46,0.9719905262073937,0.6809262732650411,9711,0.8439259855189059,0.9643021296154436,7458,0.6637752994630318,0.8035,2421,0.05156136528685548,0.9793103448275862,2754,0.035,0.7,200
rev1.0,nsl_kdd,xgb_baseline,xgboost,11,0.7784332860184529,3.48,0.9717845741942127,0.6832959235392079,9711,0.8404397961920086,0.9640110735158413,7458,0.6658405617513424,0.8100502512562814,2421,0.0813362381989833,0.9781659388646288,2754,0.04,0.6666666666666666,200
rev1.0,nsl_kdd,xgb_baseline,xgboost,12,0.7759492547906317,3.5,0.9719905262073937,0.6785765636232926,9711,0.8352105122016626,0.9637939037598638,7458,0.674514663362247,0.8289340101522843,2421,0.06681190994916485,0.9735449735449735,2754,0.04,0.6666666666666666,200
rev1.0,nsl_kdd,xgb_baseline,xgboost,13,0.7793647977288858,3.5,0.9726083822469365,0.6830838215086426,9711,0.8420488066505766,0.9642253953631199,7458,0.6456009913258984,0.8149113660062565,2421,0.09876543209876543,0.9963369963369964,2754,0.05,0.7692307692307693,200
rev1.0,nsl_kdd,xgb_baseline,xgboost,14,0.7720014194464159,3.49,0.9719905262073937,0.6755654165473804,9711,0.8381603647090373,0.9640653917334978,7458,0.6389921520033044,0.8086774699424987,2421,0.05737109658678286,0.9753086419753086,2754,0.045,0.6923076923076923,200
rev1.0,nsl_kdd,xgb_baseline,xgboost,15,0.7707150461320085,3.49,0.9715786221810319,0.6716736669751548,9711,0.8289085545722714,0.9636788776305534,7458,0.6637752994630318,0.8352390852390852,2421,0.05119825708061002,0.9724137931034482,2754,0.05,0.7692307692307693,200
rev1.0,nsl_kdd,xgb_baseline,xgboost,16,0.7795865862313698,3.56,0.9716815981876222,0.6853075749872903,9711,0.8372217752748726,0.9638777400432232,7458,0.6774060305658819,0.8062930186823992,2421,0.09005083514887437,0.9802371541501976,2754,0.035,0.7,200
rev1.0,nsl_kdd,xgb_baseline,xgboost,17,0.7779453513129879,3.58,0.9717845741942127,0.6799971177403084,9711,0.8429873960847413,0.964115933139089,7458,0.6629491945477075,0.8320373250388803,2421,0.07262164124909223,0.9852216748768473,2754,0.045,0.6923076923076923,200
rev1.0,nsl_kdd,xgb_baseline,xgboost,18,0.7759048970901349,3.57,0.9717845741942127,0.6803893294881038,9711,0.8417806382408153,0.9645106775234291,7458,0.634035522511359,0.8015665796344648,2421,0.08460421205519245,0.9831223628691983,2754,0.045,0.6923076923076923,200
rev1.0,nsl_kdd,xgb_baseline,xgboost,19,0.7732434350603264,3.57,0.9718875502008032,0.6777251184834123,9711,0.8429873960847413,0.9642638036809816,7458,0.6224700536968195,0.7973544973544974,2421,0.06862745098039216,0.9792746113989638,2754,0.055,0.7333333333333333,200
rev1.0,nsl_kdd,xgb_baseline,xgboost,20,0.7761266855926189,3.48,0.9715786221810319,0.6773637734223562,9711,0.8427192276749799,0.9642528382939553,7458,0.647666253614209,0.83448642895157,2421,0.07298474945533769,0.9710144927536232,2754,0.04,0.7272727272727273,200
rev1.0,nsl_kdd,xgb_baseline,xgboost,21,0.7792760823278921,3.51,0.9717845741942127,0.6846343586767266,9711,0.8415124698310539,0.9640552995391705,7458,0.6666666666666666,0.8065967016491754,2421,0.08424110384894698,0.9830508474576272,2754,0.045,0.6923076923076923,200
rev1.0,nsl_kdd,xgb_baseline,xgboost,22,0.7762597586941093,3.56,0.9718875502008032,0.6786022433132011,9711,0.8417806382408153,0.9642144063891875,7458,0.6319702602230484,0.8208154506437768,2421,0.08823529411764706,0.9838056680161943,2754,0.055,0.7857142857142857,200
rev1.0,nsl_kdd,xgb_baseline,xgboost,23,0.7723119233498935,3.51,0.9719905262073937,0.6745515614950333,9711,0.8244837758112095,0.9634910686305234,7458,0.6472532011565468,0.8221406086044072,2421,0.08932461873638345,0.9879518072289156,2754,0.05,0.7142857142857143,200
rev1.0,nsl_kdd,xgb_baseline,xgboost,24,0.7780784244144784,3.51,0.9717845741942127,0.6831969883443133,9711,0.8392330383480826,0.964109673444239,7458,0.6761668731928955,0.8091942659416708,2421,0.07153231663035585,0.9800995024875622,2754,0.055,0.7333333333333333,200
rev1.0,nsl_kdd,xgb_baseline,xgboost,25,0.7750621007806955,3.46,0.9716815981876222,0.6808080808080809,9711,0.8431214802896219,0.9642692838521699,7458,0.6567534076827757,0.7957957957957958,2421,0.054829339143064634,0.9805194805194806,2754,0.04,0.7272727272727273,200
rev1.0,nsl_kdd,xgb_baseline,xgboost,26,0.7787881476224272,3.48,0.9719905262073937,0.6843822505800464,9711,0.8403057119871279,0.9641538461538461,7458,0.6712102437009501,0.8056519583539911,2421,0.07879448075526507,0.9774774774774775,2754,0.045,0.6923076923076923,200
rev1.0,nsl_kdd,xgb_baseline,xgboost,27,0.7810060326472675,3.41,0.9716815981876222,0.6837185711180349,9711,0.8419147224456959,0.9642199017199017,7458,0.6695580338703015,0.8295803480040942,2421,0.09513435003631082,0.9886792452830189,2754,0.045,0.75,200
rev1.0,nsl_kdd,xgb_baseline,xgboost,28,0.7790986515259049,3.41,0.9717845741942127,0.6833948873922804,9711,0.8423169750603379,0.9640883977900553,7458,0.6575795125981,0.8130745658835546,2421,0.08750907770515613,0.9836734693877551,2754,0.06,0.75,200
rev1.0,nsl_kdd,xgb_baseline,xgboost,29,0.772444996451384,3.38,0.9716815981876222,0.677824868903096,9711,0.8415124698310539,0.9642034106621601,7458,0.6394052044609665,0.7934392619169657,2421,0.052650689905591866,0.9666666666666667,2754,0.045,0.6923076923076923,200
rev1.0,nsl_kdd,xgb_baseline,xgboost,30,0.7754613200851668,3.42,0.9719905262073937,0.6790647482014388,9711,0.8428533118798606,0.9642583218285014,7458,0.6505576208178439,0.8143743536711479,2421,0.06318082788671024,0.9720670391061452,2754,0.04,0.6666666666666666,200
rev1.0,nsl_kdd,xgb_baseline,xgboost,31,0.7743080198722498,3.47,0.9715786221810319,0.6797550432276657,9711,0.8431214802896219,0.9642692838521699,7458,0.6394052044609665,0.7934392619169657,2421,0.0635439360929557,0.9831460674157303,2754,0.05,0.7142857142857143,200
rev1.0,nsl_kdd,xgb_baseline,xgboost,32,0.778832505322924,3.54,0.9717845741942127,0.6847337106370628,9711,0.8413783856261733,0.9640497772315256,7458,0.6501445683601818,0.7977698935631019,2421,0.0962236746550472,0.9851301115241635,2754,0.035,0.6363636363636364,200
rev1.0,nsl_kdd,xgb_baseline,xgboost,33,0.7771469127040455,3.48,0.9716815981876222,0.6816933969079613,9711,0.8413783856261733,0.9641979102642901,7458,0.6435357290375878,0.8055842812823164,2421,0.08896151053013798,0.98,2754,0.03,0.6,200
rev1.0,nsl_kdd,xgb_baseline,xgboost,34,0.7743080198722498,3.49,0.972299454227165,0.6778176597272074,9711,0.8435237329042639,0.9642857142857143,7458,0.6418835192069393,0.8123366440146367,2421,0.05773420479302832,0.9754601226993865,2754,0.05,0.7142857142857143,200
rev1.0,nsl_kdd,xgb_baseline,xgboost,35,0.7767476933995742,3.48,0.9718875502008032,0.678065953013866,9711,0.8369536068651113,0.9638665843113032,7458,0.6571664601404378,0.8360483447188649,2421,0.08387799564270153,0.9871794871794872,2754,0.045,0.75,200
rev1.0,nsl_kdd,xgb_baseline,xgboost,36,0.7817157558552165,3.51,0.9716815981876222,0.6840159478071766,9711,0.8415124698310539,0.9643515673017824,7458,0.6757538207352334,0.83640081799591,2421,0.0962236746550472,0.977859778597786,2754,0.05,0.7142857142857143,200
rev1.0,nsl_kdd,xgb_baseline,xgboost,37,0.7787437899219305,3.56,0.9718875502008032,0.6790905166210965,9711,0.8425851434700993,0.9640994169990794,7458,0.6612969847170591,0.8484366719660837,2421,0.08169934640522876,0.982532751091703,2754,0.04,0.6666666666666666,200
rev1.0,nsl_kdd,xgb_baseline,xgboost,38,0.7754613200851668,3.55,0.9721964782205746,0.6763863017624302,9711,0.8325288281040494,0.9638311083514437,7458,0.6447748864105741,0.8361006963042313,2421,0.0944081336238199,0.9885931558935361,2754,0.055,0.7857142857142857,200
rev1.0,nsl_kdd,xgb_baseline,xgboost,39,0.7696061036195884,3.52,0.9717845741942127,0.6742640754501286,9711,0.825020112630732,0.9635139367366113,7458,0.6406443618339529,0.7966101694915254,2421,0.07153231663035585,0.985,2754,0.06,0.8,200
rev1.0,nsl_kdd,xgb_lossguide,xgboost,0,0.7794091554293825,4.22,0.9717845741942127,0.6810276394602006,9711,0.8431214802896219,0.9642692838521699,7458,0.6571664601404378,0.8360483447188649,2421,0.08932461873638345,0.984,2754,0.045,0.6923076923076923,200
rev1.0,nsl_kdd,xgb_lossguide,xgboost,1,0.7769694819020582,4.19,0.9715786221810319,0.6813258232235702,9711,0.8400375435773666,0.9641428131732841,7458,0.6406443618339529,0.8061330561330561,2421,0.09295570079883805,0.9808429118773946,2754,0.045,0.6923076923076923,200
rev1.0,nsl_kdd,xgb_lossguide,xgboost,2,0.7739531582682754,4.3,0.9718875502008032,0.6755905511811023,9711,0.8415124698310539,0.9642034106621601,7458,0.6431226765799256,0.8281914893617022,2421,0.06100217864923747,0.9767441860465116,2754,0.045,0.6923076923076923,200
rev1.0,nsl_kdd,xgb_lossguide,xgboost,3,0.7804737402413059,4.14,0.9718875502008032,0.6822321815816105,9711,0.8419147224456959,0.9642199017199017,7458,0.6807104502271788,0.8403875573686894,2421,0.07952069716775599,0.9820627802690582,2754,0.055,0.7857142857142857,200
rev1.0,nsl_kdd,xgb_lossguide,xgboost,4,0.776570262597587,4.2,0.9720935022139842,0.6795277857759862,9711,0.8403057119871279,0.9641538461538461,7458,0.6559273027674515,0.8219461697722568,2421,0.074800290486565,0.9809523809523809,2754,0.03,0.6,200
rev1.0,nsl_kdd,xgb_lossguide,xgboost,5,0.7737313697657914,4.17,0.9726083822469365,0.6746428571428571,9711,0.8271654599088227,0.9636051233989378,7458,0.6794712928541925,0.8440225756798359,2421,0.06281771968046478,0.9719101123595506,2754,0.055,0.7333333333333333,200
rev1.0,nsl_kdd,xgb_lossguide,xgboost,6,0.775195173882186,4.27,0.9715786221810319,0.6797550432276657,9711,0.8419147224456959,0.9642199017199017,7458,0.6600578273440727,0.807070707070707,2421,0.054466230936819175,0.974025974025974,2754,0.07,0.7777777777777778,200
rev1.0,nsl_kdd,xgb_lossguide,xgboost,7,0.7805624556422995,4.33,0.9715786221810319,0.6864314296107675,9711,0.8433896486993833,0.9642802391537636,7458,0.6650144568360181,0.8029925187032418,2421,0.09222948438634714,0.9806949806949807,2754,0.04,0.6666666666666666,200
rev1.0,nsl_kdd,xgb_lossguide,xgboost,8,0.7764815471965933,4.37,0.9719905262073937,0.6799942367264606,9711,0.83065164923572,0.9637523335407592,7458,0.6798843453118546,0.8221778221778222,2421,0.0784313725490196,0.9773755656108597,2754,0.045,0.75,200
rev1.0,nsl_kdd,xgb_lossguide,xgboost,9,0.7731547196593329,4.33,0.9719905262073937,0.6788693901035673,9711,0.829444891391794,0.9637015111388066,7458,0.6666666666666666,0.798219584569733,2421,0.06535947712418301,0.9782608695652174,2754,0.055,0.7333333333333333,200
rev1.0,nsl_kdd,xgb_lossguide,xgboost,10,0.7756831085876508,4.26,0.9720935022139842,0.6799193316047248,9711,0.8416465540359346,0.9642089093701997,7458,0.6670797191243288,0.8115577889447236,2421,0.053013798111837325,0.9864864864864865,2754,0.045,0.75,200
rev1.0,nsl_kdd,xgb_lossguide,xgboost,11,0.7824698367636622,4.24,0.9719905262073937,0.6858741461996802,9711,0.8423169750603379,0.9640883977900553,7458,0.6902106567534076,0.8317570930811349,2421,0.08714596949891068,0.9795918367346939,2754,0.04,0.6666666666666666,200
rev1.0,nsl_kdd,xgb_lossguide,xgboost,12,0.7751508161816891,4.26,0.9719905262073937,0.6782839896521989,9711,0.825422365245374,0.9635310690248865,7458,0.6827757125154895,0.8252621068397404,2421,0.07952069716775599,0.9776785714285714,2754,0.04,0.6666666666666666,200
rev1.0,nsl_kdd,xgb_lossguide,xgboost,13,0.7782558552164656,4.26,0.9726083822469365,0.6829850314556367,9711,0.8417806382408153,0.9642144063891875,7458,0.6373399421726559,0.8032274856845393,2421,0.09767610748002904,0.9962962962962963,2754,0.05,0.7692307692307693,200
rev1.0,nsl_kdd,xgb_lossguide,xgboost,14,0.7702271114265437,4.26,0.9718875502008032,0.6747694287552728,9711,0.8361491016358273,0.9639820683258618,7458,0.6315572077653862,0.7963541666666667,2421,0.05555555555555555,0.9807692307692307,2754,0.04,0.6666666666666666,200
rev1.0,nsl_kdd,xgb_lossguide,xgboost,15,0.772888573456352,4.25,0.9716815981876222,0.6746746746746747,9711,0.8341378385626174,0.9637490317583268,7458,0.664601404378356,0.8302373581011352,2421,0.05337690631808279,0.9735099337748344,2754,0.055,0.7857142857142857,200
rev1.0,nsl_kdd,xgb_lossguide,xgboost,16,0.7784332860184529,4.29,0.9713726701678509,0.6845428156748912,9711,0.831456154465004,0.9636363636363636,7458,0.6831887649731516,0.8033025740650801,2421,0.09186637618010167,0.9806201550387597,2754,0.04,0.6666666666666666,200
rev1.0,nsl_kdd,xgb_lossguide,xgboost,17,0.7788768630234209,4.27,0.9719905262073937,0.6828968311387643,9711,0.8424510592652186,0.9640939082399878,7458,0.6596447748864106,0.8156281920326864,2421,0.08424110384894698,0.9872340425531915,2754,0.04,0.6666666666666666,200
rev1.0,nsl_kdd,xgb_lossguide,xgboost,18,0.776792051100071,4.28,0.9718875502008032,0.6816409071211902,9711,0.8425851434700993,0.9645433614735226,7458,0.641057414291615,0.8012390294269489,2421,0.08315177923021061,0.9828326180257511,2754,0.045,0.6923076923076923,200
rev1.0,nsl_kdd,xgb_lossguide,xgboost,19,0.7684971611071683,4.29,0.9717845741942127,0.6728219021816626,9711,0.8268972914990614,0.96359375,7458,0.6282527881040892,0.7959183673469388,2421,0.06790123456790123,0.9842105263157894,2754,0.065,0.7647058823529411,200
rev1.0,nsl_kdd,xgb_lossguide,xgboost,20,0.7769251242015613,4.19,0.9718875502008032,0.6784071305347901,9711,0.8423169750603379,0.9642363775901766,7458,0.6447748864105741,0.8329775880469584,2421,0.08206245461147423,0.9741379310344828,2754,0.04,0.7272727272727273,200
rev1.0,nsl_kdd,xgb_lossguide,xgboost,21,0.7747959545777147,4.19,0.9718875502008032,0.6777251184834123,9711,0.83266291230893,0.9636871508379888,7458,0.6534489880214788,0.8205394190871369,2421,0.08315177923021061,0.9786324786324786,2754,0.04,0.6666666666666666,200
rev1.0,nsl_kdd,xgb_lossguide,xgboost,22,0.7757718239886444,4.23,0.9717845741942127,0.6786767349874147,9711,0.8399034593724859,0.964137294135755,7458,0.6327963651383726,0.8153273017562533,2421,0.08859840232389252,0.9838709677419355,2754,0.06,0.8,200
rev1.0,nsl_kdd,xgb_lossguide,xgboost,23,0.7720014194464159,4.34,0.9720935022139842,0.67390062821245,9711,0.8242156074014481,0.9633286318758815,7458,0.6422965716646014,0.8240593534711181,2421,0.0915032679738562,0.9921259842519685,2754,0.05,0.7142857142857143,200
rev1.0,nsl_kdd,xgb_lossguide,xgboost,24,0.7802963094393187,4.33,0.9716815981876222,0.6855565242662017,9711,0.8417806382408153,0.9640663390663391,7458,0.6902106567534076,0.814327485380117,2421,0.07153231663035585,0.9704433497536946,2754,0.045,0.6923076923076923,200
rev1.0,nsl_kdd,xgb_lossguide,xgboost,25,0.7748403122782115,4.25,0.9717845741942127,0.6803402782784226,9711,0.8424510592652186,0.9642418661755678,7458,0.6559273027674515,0.7967887606623181,2421,0.054829339143064634,0.993421052631579,2754,0.045,0.75,200
rev1.0,nsl_kdd,xgb_lossguide,xgboost,26,0.777235628105039,4.22,0.9719905262073937,0.6831933989577301,9711,0.8405738803968893,0.964016607719514,7458,0.6575795125981,0.79839518555667,2421,0.07770515613652869,0.9771689497716894,2754,0.04,0.6666666666666666,200
rev1.0,nsl_kdd,xgb_lossguide,xgboost,27,0.778388928317956,4.31,0.9718875502008032,0.6806086392154035,9711,0.8408420488066506,0.9641758917589176,7458,0.6534489880214788,0.8282722513089005,2421,0.09005083514887437,0.9880478087649402,2754,0.045,0.75,200
rev1.0,nsl_kdd,xgb_lossguide,xgboost,28,0.7782114975159687,4.29,0.9717845741942127,0.6841876314072356,9711,0.8424510592652186,0.9640939082399878,7458,0.6493184634448576,0.7963525835866262,2421,0.08714596949891068,0.9836065573770492,2754,0.06,0.75,200
rev1.0,nsl_kdd,xgb_lossguide,xgboost,29,0.7732434350603264,4.29,0.9718875502008032,0.67796853674305,9711,0.8417806382408153,0.9642144063891875,7458,0.6431226765799256,0.8005141388174807,2421,0.05410312273057371,0.9738562091503268,2754,0.05,0.7142857142857143,200
rev1.0,nsl_kdd,xgb_lossguide,xgboost,30,0.7750621007806955,4.34,0.9719905262073937,0.6780890804597701,9711,0.8416465540359346,0.9642089093701997,7458,0.6489054109871953,0.8182291666666667,2421,0.06390704429920116,0.9777777777777777,2754,0.05,0.7142857142857143,200
rev1.0,nsl_kdd,xgb_lossguide,xgboost,31,0.7745741660752307,4.31,0.9716815981876222,0.6795333429353305,9711,0.8421828908554573,0.9640828856485034,7458,0.6451879388682362,0.799795186891961,2421,0.06245461147421932,0.9828571428571429,2754,0.055,0.7333333333333333,200
rev1.0,nsl_kdd,xgb_lossguide,xgboost,32,0.7803406671398154,4.36,0.9716815981876222,0.6863543788187373,9711,0.8429873960847413,0.964115933139089,7458,0.6588186699710863,0.8003010536879077,2421,0.09731299927378359,0.9852941176470589,2754,0.03,0.6,200
rev1.0,nsl_kdd,xgb_lossguide,xgboost,33,0.7778122782114976,4.34,0.9718875502008032,0.6827750850032555,9711,0.8420488066505766,0.9640773718145532,7458,0.6464270962412226,0.8042137718396711,2421,0.08932461873638345,0.9800796812749004,2754,0.03,0.6,200
rev1.0,nsl_kdd,xgb_lossguide,xgboost,34,0.7737757274662882,4.33,0.972299454227165,0.6772828348038161,9711,0.8431214802896219,0.9642692838521699,7458,0.6369268897149938,0.8115789473684211,2421,0.058823529411764705,0.9642857142857143,2754,0.05,0.7142857142857143,200
rev1.0,nsl_kdd,xgb_lossguide,xgboost,35,0.7763484740951029,4.43,0.9718875502008032,0.6804614275414563,9711,0.8309198176454814,0.9636137459182087,7458,0.6736885584469228,0.8150924537731135,2421,0.08242556281771968,0.9869565217391304,2754,0.045,0.75,200
rev1.0,nsl_kdd,xgb_lossguide,xgboost,36,0.7798083747338538,4.43,0.9716815981876222,0.6833224708523427,9711,0.8251541968356128,0.9635196492876155,7458,0.7121024370095002,0.832046332046332,2421,0.09331880900508352,0.9771863117870723,2754,0.045,0.6923076923076923,200
rev1.0,nsl_kdd,xgb_lossguide,xgboost,37,0.7773243435060326,4.47,0.9720935022139842,0.677479546433185,9711,0.8419147224456959,0.9640718562874252,7458,0.6617100371747212,0.8485169491525424,2421,0.070079883805374,0.9846938775510204,2754,0.05,0.7692307692307693,200
rev1.0,nsl_kdd,xgb_lossguide,xgboost,38,0.7807398864442867,4.4,0.972505406240346,0.6845958680681407,9711,0.8416465540359346,0.9640608201505145,7458,0.6658405617513424,0.8207739307535642,2421,0.09368191721132897,0.9885057471264368,2754,0.05,0.7692307692307693,200
rev1.0,nsl_kdd,xgb_lossguide,xgboost,39,0.7709811923349894,4.42,0.9717845741942127,0.6751806539314589,9711,0.8263609546795387,0.9635709818636647,7458,0.6534489880214788,0.805089058524173,2421,0.06862745098039216,0.9792746113989638,2754,0.05,0.7692307692307693,200
rev1.0,nsl_kdd,xgb_lambda0,xgboost,0,0.7781671398154719,3.65,0.9718875502008032,0.6808541336026548,9711,0.8428533118798606,0.9642583218285014,7458,0.6414704667492772,0.8229994700582935,2421,0.09331880900508352,0.9771863117870723,2754,0.045,0.6923076923076923,200
rev1.0,nsl_kdd,xgb_lambda0,xgboost,1,0.7730216465578424,3.57,0.9715786221810319,0.6744585031095861,9711,0.833065164923572,0.963853552590754,7458,0.6166873192895498,0.8239514348785872,2421,0.09949164851125636,0.9785714285714285,2754,0.06,0.7058823529411765,200
rev1.0,nsl_kdd,xgb_lambda0,xgboost,2,0.7779009936124911,3.54,0.9719905262073937,0.6786253504924868,9711,0.8452668275677125,0.964356738565091,7458,0.6501445683601818,0.8412613575628006,2421,0.07588961510530139,0.9812206572769953,2754,0.055,0.7857142857142857,200
rev1.0,nsl_kdd,xgb_lambda0,xgboost,3,0.778388928317956,3.53,0.9718875502008032,0.6793838180247624,9711,0.8366854384553499,0.9640043256604357,7458,0.6563403552251136,0.8407407407407408,2421,0.09876543209876543,0.9819494584837545,2754,0.045,0.75,200
rev1.0,nsl_kdd,xgb_lambda0,xgboost,4,0.7803406671398154,3.52,0.9716815981876222,0.6844624981865661,9711,0.8413783856261733,0.9641979102642901,7458,0.6484923585295332,0.813893208916537,2421,0.11002178649237472,0.9805825242718447,2754,0.04,0.6666666666666666,200
rev1.0,nsl_kdd,xgb_lambda0,xgboost,5,0.7712029808374734,3.56,0.9719905262073937,0.6724371304409774,9711,0.826226870474658,0.9635652853792025,7458,0.650970673275506,0.8316622691292876,2421,0.07298474945533769,0.9757281553398058,2754,0.04,0.7272727272727273,200
rev1.0,nsl_kdd,xgb_lambda0,xgboost,6,0.7747515968772178,3.57,0.9717845741942127,0.6769727403156385,9711,0.8427192276749799,0.9642528382939553,7458,0.6493184634448576,0.8243314105925538,2421,0.058460421205519246,0.9817073170731707,2754,0.055,0.7333333333333333,200
rev1.0,nsl_kdd,xgb_lambda0,xgboost,7,0.7800745209368346,3.57,0.9716815981876222,0.6814964610717897,9711,0.8435237329042639,0.9642857142857143,7458,0.6460140437835605,0.8372591006423983,2421,0.10348583877995643,0.976027397260274,2754,0.05,0.7142857142857143,200
rev1.0,nsl_kdd,xgb_lambda0,xgboost,8,0.7805624556422995,3.58,0.9714756461744414,0.6860591956948585,9711,0.8427192276749799,0.9642528382939553,7458,0.6538620404791409,0.8031456113647895,2421,0.10348583877995643,0.9827586206896551,2754,0.05,0.7142857142857143,200
rev1.0,nsl_kdd,xgb_lambda0,xgboost,9,0.7727998580553584,3.61,0.9718875502008032,0.6762198180124669,9711,0.8299812282113167,0.9638741824976643,7458,0.6414704667492772,0.8109660574412533,2421,0.08351488743645606,0.9829059829059829,2754,0.055,0.6875,200
rev1.0,nsl_kdd,xgb_lambda0,xgboost,10,0.7726224272533712,3.73,0.9717845741942127,0.6775560022975301,9711,0.8427192276749799,0.9642528382939553,7458,0.6418835192069393,0.796923076923077,2421,0.049019607843137254,0.9712230215827338,2754,0.035,0.7777777777777778,200
rev1.0,nsl_kdd,xgb_lambda0,xgboost,11,0.7787881476224272,3.8,0.9716815981876222,0.682235557804931,9711,0.8400375435773666,0.9641428131732841,7458,0.6534489880214788,0.8192646297255308,2421,0.09694989106753812,0.978021978021978,2754,0.035,0.6363636363636364,200
rev1.0,nsl_kdd,xgb_lambda0,xgboost,12,0.781360894251242,3.64,0.9716815981876222,0.6831740515493774,9711,0.8437919013140253,0.9641489198713038,7458,0.6563403552251136,0.8371970495258166,2421,0.10493827160493827,0.9796610169491525,2754,0.04,0.6666666666666666,200
rev1.0,nsl_kdd,xgb_lambda0,xgboost,13,0.7746185237757275,3.7,0.9717845741942127,0.6780915427175397,9711,0.8384285331187986,0.9640764724020968,7458,0.6162742668318877,0.8047464940668824,2421,0.09803921568627451,0.989010989010989,2754,0.055,0.7857142857142857,200
rev1.0,nsl_kdd,xgb_lambda0,xgboost,14,0.7712473385379702,3.61,0.9716815981876222,0.6724629418472063,9711,0.8424510592652186,0.9642418661755678,7458,0.6237092110698058,0.8246859639541234,2421,0.05374001452432825,0.9736842105263158,2754,0.05,0.7692307692307693,200
rev1.0,nsl_kdd,xgb_lambda0,xgboost,15,0.767610007097232,3.62,0.9716815981876222,0.6685086787105916,9711,0.825824617860016,0.9635481852315394,7458,0.6468401486988847,0.8312101910828026,2421,0.048656499636891795,0.9640287769784173,2754,0.05,0.7142857142857143,200
rev1.0,nsl_kdd,xgb_lambda0,xgboost,16,0.7833569907735983,3.58,0.9718875502008032,0.689559435961131,9711,0.8413783856261733,0.9641979102642901,7458,0.6596447748864106,0.8033199195171026,2421,0.12381989832970225,0.9798850574712644,2754,0.045,0.6923076923076923,200
rev1.0,nsl_kdd,xgb_lambda0,xgboost,17,0.776570262597587,3.63,0.9714756461744414,0.680614674265926,9711,0.835076427996782,0.9639374709797245,7458,0.6439487814952499,0.8098701298701299,2421,0.10021786492374728,0.9787234042553191,2754,0.05,0.6666666666666666,200
rev1.0,nsl_kdd,xgb_lambda0,xgboost,18,0.7730660042583393,3.65,0.9715786221810319,0.6741693461950696,9711,0.8337355859479754,0.9638815687490312,7458,0.6179264766625362,0.8269762299613046,2421,0.09767610748002904,0.9781818181818182,2754,0.05,0.7142857142857143,200
rev1.0,nsl_kdd,xgb_lambda0,xgboost,19,0.7735095812633073,3.62,0.9718875502008032,0.6753488372093023,9711,0.8428533118798606,0.9642583218285014,7458,0.630731102850062,0.8227370689655172,2421,0.06572258533042846,0.9731182795698925,2754,0.03,0.75,200
rev1.0,nsl_kdd,xgb_lambda0,xgboost,20,0.77861071682044,3.61,0.9715786221810319,0.6831511114329157,9711,0.8428533118798606,0.9642583218285014,7458,0.6299049979347378,0.8039008961518187,2421,0.10784313725490197,0.9801980198019802,2754,0.05,0.7142857142857143,200
rev1.0,nsl_kdd,xgb_lambda0,xgboost,21,0.7803850248403122,3.59,0.9717845741942127,0.6824065369874901,9711,0.8424510592652186,0.9642418661755678,7458,0.6522098306484924,0.8323668950975224,2421,0.10348583877995643,0.9827586206896551,2754,0.045,0.75,200
rev1.0,nsl_kdd,xgb_lambda0,xgboost,22,0.7775017743080199,3.6,0.9716815981876222,0.6810537712017323,9711,0.8424510592652186,0.9642418661755678,7458,0.631144155307724,0.8119022316684378,2421,0.09803921568627451,0.9782608695652174,2754,0.055,0.7333333333333333,200
rev1.0,nsl_kdd,xgb_lambda0,xgboost,23,0.77861071682044,3.67,0.9717845741942127,0.681667148223057,9711,0.8424510592652186,0.9642418661755678,7458,0.6365138372573317,0.8188097768331563,2421,0.10312273057371096,0.9793103448275862,2754,0.04,0.6666666666666666,200
rev1.0,nsl_kdd,xgb_lambda0,xgboost,24,0.7792760823278921,3.67,0.9714756461744414,0.6846650700341099,9711,0.8348082595870207,0.9639263043814832,7458,0.6600578273440727,0.8046324269889225,2421,0.10856935366739288,0.9835526315789473,2754,0.055,0.6875,200
rev1.0,nsl_kdd,xgb_lambda0,xgboost,25,0.7695617459190915,3.68,0.9718875502008032,0.672893198345929,9711,0.8356127648163046,0.9639597834493426,7458,0.6394052044609665,0.8079331941544885,2421,0.04429920116194626,0.976,2754,0.045,0.75,200
rev1.0,nsl_kdd,xgb_lambda0,xgboost,26,0.7737313697657914,3.6,0.9718875502008032,0.6767531908791051,9711,0.826226870474658,0.9635652853792025,7458,0.634035522511359,0.8143236074270557,2421,0.10893246187363835,0.9803921568627451,2754,0.04,0.6666666666666666,200
rev1.0,nsl_kdd,xgb_lambda0,xgboost,27,0.7858853797019163,3.6,0.9715786221810319,0.6889375684556407,9711,0.8400375435773666,0.9641428131732841,7458,0.6414704667492772,0.8273841236014917,2421,0.16594045025417575,0.9870410367170627,2754,0.035,0.6363636363636364,200
rev1.0,nsl_kdd,xgb_lambda0,xgboost,28,0.7777235628105039,3.65,0.9719905262073937,0.6796514976958525,9711,0.8423169750603379,0.9642363775901766,7458,0.6294919454770755,0.8260162601626017,2421,0.1009440813362382,0.9858156028368794,2754,0.05,0.7142857142857143,200
rev1.0,nsl_kdd,xgb_lambda0,xgboost,29,0.7721344925479063,3.64,0.9716815981876222,0.6741444595270415,9711,0.8421828908554573,0.9642308873196193,7458,0.634035522511359,0.8204168893639765,2421,0.05337690631808279,0.9735099337748344,2754,0.04,0.7272727272727273,200
rev1.0,nsl_kdd,xgb_lambda0,xgboost,30,0.7801632363378282,3.68,0.9719905262073937,0.6825018076644974,9711,0.8440600697237866,0.9643075980392157,7458,0.6414704667492772,0.8287086446104589,2421,0.10530137981118373,0.9797297297297297,2754,0.055,0.6875,200
rev1.0,nsl_kdd,xgb_lambda0,xgboost,31,0.7764815471965933,3.66,0.9715786221810319,0.677801724137931,9711,0.8437919013140253,0.964296659515783,7458,0.6323833126807105,0.8307107976125881,2421,0.0860566448801743,0.9793388429752066,2754,0.045,0.6923076923076923,200
rev1.0,nsl_kdd,xgb_lambda0,xgboost,32,0.7773687012065295,3.65,0.9714756461744414,0.6829798016361399,9711,0.8419147224456959,0.9642199017199017,7458,0.6290788930194134,0.7932291666666667,2421,0.10203340595497458,0.9790940766550522,2754,0.04,0.6666666666666666,200
rev1.0,nsl_kdd,xgb_lambda0,xgboost,33,0.7761266855926189,3.69,0.9715786221810319,0.6779478335848244,9711,0.8389648699383213,0.9640986132511556,7458,0.6352746798843453,0.8268817204301075,2421,0.09368191721132897,0.9772727272727273,2754,0.045,0.6923076923076923,200
rev1.0,nsl_kdd,xgb_lambda0,xgboost,34,0.7734652235628106,3.7,0.9720935022139842,0.6771879483500718,9711,0.8420488066505766,0.9642253953631199,7458,0.6191656340355225,0.8041845493562232,2421,0.07625272331154684,0.9767441860465116,2754,0.04,0.6666666666666666,200
rev1.0,nsl_kdd,xgb_lambda0,xgboost,35,0.7768364088005678,4.3,0.9721964782205746,0.6780379201378914,9711,0.8440600697237866,0.9643075980392157,7458,0.6261875258157786,0.8320526893523601,2421,0.09259259259259259,0.9807692307692307,2754,0.03,0.6,200
rev1.0,nsl_kdd,xgb_lambda0,xgboost,36,0.7796309439318666,3.72,0.9718875502008032,0.6800691742325984,9711,0.8287744703673907,0.963673214842532,7458,0.6707971912432878,0.8507071765322158,2421,0.1187363834422658,0.9819819819819819,2754,0.03,0.6,200
rev1.0,nsl_kdd,xgb_lambda0,xgboost,37,0.781139105748758,3.65,0.9718875502008032,0.6812472932005197,9711,0.8425851434700993,0.964247353076569,7458,0.6530359355638166,0.851373182552504,2421,0.10784313725490197,0.9834437086092715,2754,0.05,0.7142857142857143,200
rev1.0,nsl_kdd,xgb_lambda0,xgboost,38,0.776570262597587,3.95,0.972505406240346,0.6767951841765802,9711,0.8315902386698847,0.9637917637917638,7458,0.6513837257331682,0.8473938742611499,2421,0.09876543209876543,0.9784172661870504,2754,0.06,0.75,200
rev1.0,nsl_kdd,xgb_lambda0,xgboost,39,0.7770581973030518,3.68,0.9715786221810319,0.6803432362272859,9711,0.8408420488066506,0.9641758917589176,7458,0.6266005782734407,0.8120985010706638,2421,0.10203340595497458,0.9825174825174825,2754,0.07,0.7777777777777778,200
rev1.0,nsl_kdd,xgb_lossguide_lambda0,xgboost,0,0.7786994322214337,4.4,0.9714756461744414,0.6813028092727667,9711,0.8440600697237866,0.9643075980392157,7458,0.6369268897149938,0.8224,2421,0.10021786492374728,0.9787234042553191,2754,0.04,0.6666666666666666,200
rev1.0,nsl_kdd,xgb_lossguide_lambda0,xgboost,1,0.7753726046841731,4.32,0.9717845741942127,0.6758092237181323,9711,0.8392330383480826,0.964109673444239,7458,0.6253614209004543,0.8373893805309734,2421,0.0944081336238199,0.9774436090225563,2754,0.05,0.7142857142857143,200
rev1.0,nsl_kdd,xgb_lossguide_lambda0,xgboost,2,0.7722232079489,4.36,0.9718875502008032,0.6726534103057515,9711,0.831858407079646,0.9638030138263166,7458,0.6460140437835605,0.8386058981233244,2421,0.06899055918663761,0.979381443298969,2754,0.065,0.7647058823529411,200
rev1.0,nsl_kdd,xgb_lossguide_lambda0,xgboost,3,0.7797196593328601,4.26,0.9719905262073937,0.6838863932763367,9711,0.8369536068651113,0.964015444015444,7458,0.6625361420900454,0.8162849872773537,2421,0.10312273057371096,0.9793103448275862,2754,0.045,0.75,200
rev1.0,nsl_kdd,xgb_lossguide_lambda0,xgboost,4,0.7765259048970902,4.3,0.9717845741942127,0.6804383877712885,9711,0.8353445964065433,0.963948630666873,7458,0.6422965716646014,0.8107403545359749,2421,0.10058097312999274,0.9787985865724381,2754,0.035,0.6363636363636364,200
rev1.0,nsl_kdd,xgb_lossguide_lambda0,xgboost,5,0.7716465578424414,4.3,0.972505406240346,0.6732249786142002,9711,0.8247519442209708,0.9635025062656641,7458,0.6489054109871953,0.8307773664727657,2421,0.08097312999273784,0.9695652173913043,2754,0.035,0.6363636363636364,200
rev1.0,nsl_kdd,xgb_lossguide_lambda0,xgboost,6,0.7747072391767211,4.39,0.9718875502008032,0.6765591397849462,9711,0.8425851434700993,0.964247353076569,7458,0.6480793060718711,0.8279683377308708,2421,0.059186637618010164,0.9760479041916168,2754,0.055,0.7333333333333333,200
rev1.0,nsl_kdd,xgb_lossguide_lambda0,xgboost,7,0.7812721788502484,4.26,0.9717845741942127,0.6824065369874901,9711,0.8431214802896219,0.9642692838521699,7458,0.6575795125981,0.8436671966083731,2421,0.10421205519244735,0.9761904761904762,2754,0.045,0.6923076923076923,200
rev1.0,nsl_kdd,xgb_lossguide_lambda0,xgboost,8,0.7757718239886444,4.32,0.9717845741942127,0.6797032555459521,9711,0.8255564494502547,0.9635367762128325,7458,0.6551011978521272,0.8125,2421,0.10856935366739288,0.980327868852459,2754,0.05,0.7692307692307693,200
rev1.0,nsl_kdd,xgb_lossguide_lambda0,xgboost,9,0.7697835344215755,4.32,0.9718875502008032,0.6740947075208914,9711,0.8234111021721641,0.9635964224070297,7458,0.6389921520033044,0.8003103983445422,2421,0.07915758896151052,0.9775784753363229,2754,0.05,0.7142857142857143,200
rev1.0,nsl_kdd,xgb_lossguide_lambda0,xgboost,10,0.7672995031937544,4.24,0.9718875502008032,0.6698367636621717,9711,0.825422365245374,0.9635310690248865,7458,0.6439487814952499,0.8145245559038663,2421,0.04938271604938271,0.9784172661870504,2754,0.045,0.75,200
rev1.0,nsl_kdd,xgb_lossguide_lambda0,xgboost,11,0.7762154009936125,4.26,0.9716815981876222,0.6794844098797437,9711,0.833467417538214,0.963870367498837,7458,0.6484923585295332,0.8172826652785008,2421,0.09840232389251997,0.9783393501805054,2754,0.03,0.6,200
rev1.0,nsl_kdd,xgb_lossguide_lambda0,xgboost,12,0.7836231369765791,4.3,0.9718875502008032,0.6859011627906977,9711,0.8427192276749799,0.9641049240681087,7458,0.6782321354812061,0.8403275332650972,2421,0.10639070442992012,0.979933110367893,2754,0.04,0.6666666666666666,200
rev1.0,nsl_kdd,xgb_lossguide_lambda0,xgboost,13,0.7724893541518808,4.29,0.9719905262073937,0.6768248960275348,9711,0.8275677125234647,0.9636221701795472,7458,0.6323833126807105,0.7998955067920586,2421,0.09477124183006536,0.9886363636363636,2754,0.06,0.8,200
rev1.0,nsl_kdd,xgb_lossguide_lambda0,xgboost,14,0.7660574875798438,4.33,0.9717845741942127,0.6704795737122557,9711,0.8272995441137034,0.9636108074340153,7458,0.6224700536968195,0.791907514450867,2421,0.05337690631808279,0.9735099337748344,2754,0.045,0.75,200
rev1.0,nsl_kdd,xgb_lossguide_lambda0,xgboost,15,0.7677430801987225,4.2,0.9716815981876222,0.6674211345310511,9711,0.825824617860016,0.9635481852315394,7458,0.6402313093762908,0.8410200759631037,2421,0.05555555555555555,0.9745222929936306,2754,0.05,0.7142857142857143,200
rev1.0,nsl_kdd,xgb_lossguide_lambda0,xgboost,16,0.7801188786373314,4.26,0.9716815981876222,0.68620463966257,9711,0.8319924912845267,0.9638086362224293,7458,0.6555142503097894,0.7998991935483871,2421,0.1270878721859114,0.9776536312849162,2754,0.045,0.6923076923076923,200
rev1.0,nsl_kdd,xgb_lossguide_lambda0,xgboost,17,0.7778122782114976,4.17,0.9716815981876222,0.6816441522791302,9711,0.8395012067578439,0.9641207268247614,7458,0.6406443618339529,0.8116169544740973,2421,0.1009440813362382,0.9823321554770318,2754,0.045,0.6923076923076923,200
rev1.0,nsl_kdd,xgb_lossguide_lambda0,xgboost,18,0.7714691270404542,4.24,0.9718875502008032,0.6748176748176749,9711,0.825422365245374,0.9635310690248865,7458,0.6270136307311028,0.8078765300691857,2421,0.09840232389251997,0.9783393501805054,2754,0.045,0.6923076923076923,200
rev1.0,nsl_kdd,xgb_lossguide_lambda0,xgboost,19,0.7696504613200852,4.18,0.9718875502008032,0.6718394077448747,9711,0.829042638777152,0.9636845386533666,7458,0.6365138372573317,0.8183749336165693,2421,0.06681190994916485,0.9735449735449735,2754,0.025,0.625,200
rev1.0,nsl_kdd,xgb_lossguide_lambda0,xgboost,20,0.7780784244144784,4.18,0.9719905262073937,0.6807789397764155,9711,0.8421828908554573,0.9642308873196193,7458,0.6290788930194134,0.8201400107700593,2421,0.10421205519244735,0.9795221843003413,2754,0.055,0.7333333333333333,200
rev1.0,nsl_kdd,xgb_lossguide_lambda0,xgboost,21,0.7775461320085166,4.15,0.9717845741942127,0.6783352501437608,9711,0.8409761330115313,0.9641813989239046,7458,0.6385790995456423,0.8383947939262473,2421,0.0962236746550472,0.9814814814814815,2754,0.045,0.6923076923076923,200
rev1.0,nsl_kdd,xgb_lossguide_lambda0,xgboost,22,0.7767033356990773,4.22,0.9715786221810319,0.6796571099265235,9711,0.8395012067578439,0.9641207268247614,7458,0.6344485749690211,0.817456093666844,2421,0.09694989106753812,0.9744525547445255,2754,0.055,0.7333333333333333,200
rev1.0,nsl_kdd,xgb_lossguide_lambda0,xgboost,23,0.7731990773598296,4.21,0.9717845741942127,0.6747944225956382,9711,0.8263609546795387,0.9635709818636647,7458,0.6418835192069393,0.8288,2421,0.09767610748002904,0.9746376811594203,2754,0.04,0.6666666666666666,200
rev1.0,nsl_kdd,xgb_lossguide_lambda0,xgboost,24,0.7755056777856636,4.29,0.9715786221810319,0.6807359307359307,9711,0.825422365245374,0.9635310690248865,7458,0.664601404378356,0.8045,2421,0.09949164851125636,0.9750889679715302,2754,0.045,0.6428571428571429,200
rev1.0,nsl_kdd,xgb_lossguide_lambda0,xgboost,25,0.7704045422285308,4.34,0.9718875502008032,0.6723179940162416,9711,0.8405738803968893,0.9641648723469701,7458,0.6336224700536969,0.8194444444444444,2421,0.04212055192447349,0.9830508474576272,2754,0.055,0.7857142857142857,200
rev1.0,nsl_kdd,xgb_lossguide_lambda0,xgboost,26,0.779320440028389,4.39,0.9717845741942127,0.6851314069986932,9711,0.8407079646017699,0.9641703829002,7458,0.6377529946303181,0.7962867457452295,2421,0.11256354393609296,0.9810126582278481,2754,0.04,0.6666666666666666,200
rev1.0,nsl_kdd,xgb_lossguide_lambda0,xgboost,27,0.7845102909865153,4.28,0.9715786221810319,0.6876822157434402,9711,0.8407079646017699,0.9641703829002,7458,0.6522098306484924,0.8267015706806282,2421,0.14342774146695716,0.9875,2754,0.035,0.6363636363636364,200
rev1.0,nsl_kdd,xgb_lossguide_lambda0,xgboost,28,0.777013839602555,4.29,0.9720935022139842,0.6809001731102136,9711,0.8413783856261733,0.9641979102642901,7458,0.6261875258157786,0.8081023454157783,2421,0.1009440813362382,0.9788732394366197,2754,0.04,0.6666666666666666,200
rev1.0,nsl_kdd,xgb_lossguide_lambda0,xgboost,29,0.7720457771469127,4.23,0.9719905262073937,0.6725329533309583,9711,0.8417806382408153,0.9642144063891875,7458,0.6344485749690211,0.835236541598695,2421,0.052650689905591866,0.9731543624161074,2754,0.035,0.7,200
rev1.0,nsl_kdd,xgb_lossguide_lambda0,xgboost,30,0.7786994322214337,4.31,0.9714756461744414,0.6802220780157185,9711,0.8397693751676053,0.9636867210340052,7458,0.644361833952912,0.8355650776647028,2421,0.10457516339869281,0.9795918367346939,2754,0.05,0.6666666666666666,200
rev1.0,nsl_kdd,xgb_lossguide_lambda0,xgboost,31,0.7735539389638041,4.23,0.9716815981876222,0.676415770609319,9711,0.8428533118798606,0.9642583218285014,7458,0.6327963651383726,0.8144603934077618,2421,0.0635439360929557,0.9722222222222222,2754,0.05,0.7142857142857143,200
rev1.0,nsl_kdd,xgb_lossguide_lambda0,xgboost,32,0.7761710432931157,4.3,0.9716815981876222,0.6814964610717897,9711,0.8357468490211853,0.9639653572533251,7458,0.6414704667492772,0.7976373908577299,2421,0.09731299927378359,0.9816849816849816,2754,0.04,0.6666666666666666,200
rev1.0,nsl_kdd,xgb_lossguide_lambda0,xgboost,33,0.7699609652235628,4.3,0.9715786221810319,0.6742657042807118,9711,0.8244837758112095,0.9634910686305234,7458,0.6249483684427922,0.797154899894626,2421,0.09114015976761075,0.9766536964980544,2754,0.05,0.7142857142857143,200
rev1.0,nsl_kdd,xgb_lossguide_lambda0,xgboost,34,0.7763041163946061,4.41,0.9721964782205746,0.6794041450777202,9711,0.8419147224456959,0.9642199017199017,7458,0.6489054109871953,0.819509650495566,2421,0.07371096586782862,0.9759615384615384,2754,0.035,0.6363636363636364,200
rev1.0,nsl_kdd,xgb_lossguide_lambda0,xgboost,35,0.7753282469836764,4.46,0.9716815981876222,0.6802681854228246,9711,0.8366854384553499,0.9640043256604357,7458,0.6303180503923999,0.7972831765935214,2421,0.09731299927378359,0.9816849816849816,2754,0.045,0.6923076923076923,200
rev1.0,nsl_kdd,xgb_lossguide_lambda0,xgboost,36,0.7784332860184529,4.5,0.9715786221810319,0.6794124000864118,9711,0.8283722177527487,0.963656215878958,7458,0.6612969847170591,0.8421883219358233,2421,0.11946259985475671,0.982089552238806,2754,0.03,0.6,200
rev1.0,nsl_kdd,xgb_lossguide_lambda0,xgboost,37,0.7791430092264017,4.42,0.9720935022139842,0.6795277857759862,9711,0.8397693751676053,0.9641317733990148,7458,0.6489054109871953,0.8459881529348411,2421,0.10275962236746551,0.9860627177700348,2754,0.04,0.6666666666666666,200
rev1.0,nsl_kdd,xgb_lossguide_lambda0,xgboost,38,0.7749290276792051,4.31,0.972505406240346,0.6755848057800987,9711,0.8251541968356128,0.9635196492876155,7458,0.6464270962412226,0.8409457281031704,2421,0.10711692084241103,0.9800664451827242,2754,0.06,0.75,200
rev1.0,nsl_kdd,xgb_lossguide_lambda0,xgboost,39,0.7783445706174592,4.3,0.9714756461744414,0.6801730353280462,9711,0.8416465540359346,0.9642089093701997,7458,0.6361007847996696,0.8284023668639053,2421,0.10312273057371096,0.9826989619377162,2754,0.06,0.75,200
rev1.0,nsl_kdd,xgb_lightgbm_like,xgboost,0,0.7664567068843151,4.08,0.9615899495417568,0.7041701229168238,9711,0.7603915258782515,0.8920874626396099,7458,0.6625361420900454,0.7805352798053528,2421,0.2403776325344953,0.7975903614457831,2754,0.02,0.0975609756097561,200
rev1.0,nsl_kdd,xgb_lightgbm_like,xgboost,1,0.7395315826827538,4.03,0.9612810215219854,0.6943101524730383,9711,0.7235183695360686,0.8975382568196939,7458,0.5357290375877737,0.580832960143305,2421,0.23384168482207698,0.8473684210526315,2754,0.0,0.0,200
rev1.0,nsl_kdd,xgb_lightgbm_like,xgboost,2,0.7506210078069553,4.05,0.939244156111626,0.6958346048214831,9711,0.7780906409224994,0.8909872562567174,7458,0.6356877323420075,0.7286931818181818,2421,0.16666666666666666,0.587708066581306,2754,0.0,0.0,200
rev1.0,nsl_kdd,xgb_lightgbm_like,xgboost,3,0.7286195883605394,4.02,0.9476881886520441,0.7095058206768946,9711,0.7118530437114508,0.8061038566656544,7458,0.5415117719950434,0.6109040074557316,2421,0.21822803195352214,0.7249698431845597,2754,0.01,0.16666666666666666,200
rev1.0,nsl_kdd,xgb_lightgbm_like,xgboost,4,0.7389105748757985,4.04,0.9173102667078571,0.6902750871755133,9711,0.7744703673907214,0.8655777011838753,7458,0.6972325485336638,0.6966570367313248,2421,0.10275962236746551,0.5329566854990584,2754,0.015,0.25,200
rev1.0,nsl_kdd,xgb_lightgbm_like,xgboost,5,0.7416163946061036,3.84,0.9309030995777984,0.6887619047619048,9711,0.7676320729418075,0.8490286222749518,7458,0.5629904997934738,0.7627308337996642,2421,0.21241830065359477,0.6716417910447762,2754,0.03,0.3333333333333333,200
rev1.0,nsl_kdd,xgb_lightgbm_like,xgboost,6,0.7125177430801988,3.88,0.9184430027803522,0.6764505119453925,9711,0.7307589165996246,0.7868899797863125,7458,0.4423791821561338,0.6757097791798107,2421,0.22258533042846768,0.7475609756097561,2754,0.05,0.35714285714285715,200
rev1.0,nsl_kdd,xgb_lightgbm_like,xgboost,7,0.7154009936124911,4.06,0.9567500772320049,0.6855308787722275,9711,0.7203003486189327,0.7910469739360919,7458,0.35398595621643947,0.6334072431633407,2421,0.21532316630355847,0.734820322180917,2754,0.075,0.375,200
rev1.0,nsl_kdd,xgb_lightgbm_like,xgboost,8,0.7727555003548616,3.87,0.9156626506024096,0.7267674703718839,9711,0.806650576562081,0.8794035959655021,7458,0.7839735646427096,0.7653225806451613,2421,0.21568627450980393,0.6193952033368092,2754,0.105,0.7241379310344828,200
rev1.0,nsl_kdd,xgb_lightgbm_like,xgboost,9,0.7491128459900639,4.23,0.9586036453506332,0.6866056940551704,9711,0.7445695897023331,0.8835322195704057,7458,0.6674927715819909,0.7436723423838012,2421,0.14742193173565724,0.8285714285714286,2754,0.02,0.10526315789473684,200
rev1.0,nsl_kdd,xgb_lightgbm_like,xgboost,10,0.7251153300212917,4.13,0.9339923797755123,0.7145670842196487,9711,0.7275408956824886,0.8455664640797881,7458,0.6493184634448576,0.5835189309576837,2421,0.0944081336238199,0.7692307692307693,2754,0.095,0.0472636815920398,200
rev1.0,nsl_kdd,xgb_lightgbm_like,xgboost,11,0.7188165365507452,3.94,0.917516218721038,0.7553407934893184,9711,0.7677661571466882,0.7381719737011732,7458,0.5472945064023131,0.5421440261865794,2421,0.08678286129266521,0.48380566801619435,2754,0.025,0.09433962264150944,200
rev1.0,nsl_kdd,xgb_lightgbm_like,xgboost,12,0.7341199432221434,3.97,0.9502625888168057,0.6681630584316849,9711,0.7161437382676321,0.8695864539238033,7458,0.5258157786038827,0.7143658810325477,2421,0.2570806100217865,0.8784119106699751,2754,0.0,0.0,200
rev1.0,nsl_kdd,xgb_lightgbm_like,xgboost,13,0.7551011355571328,3.96,0.9632375656472042,0.7015675391884797,9711,0.7823813354786806,0.9043707377557346,7458,0.6513837257331682,0.6402760860738936,2421,0.09331880900508352,0.8711864406779661,2754,0.0,0.0,200
rev1.0,nsl_kdd,xgb_lightgbm_like,xgboost,14,0.749778211497516,4.09,0.9683863659767274,0.7028400597907324,9711,0.7459104317511397,0.856241342157919,7458,0.6398182569186287,0.7208003722661703,2421,0.1365286855482934,0.7642276422764228,2754,0.055,0.4230769230769231,200
rev1.0,nsl_kdd,xgb_lightgbm_like,xgboost,15,0.7440117104329311,3.75,0.9191638348264854,0.7382961124896609,9711,0.7697774202198981,0.858916816277678,7458,0.6278397356464271,0.5044805841354132,2421,0.21241830065359477,0.7779255319148937,2754,0.005,0.2,200
rev1.0,nsl_kdd,xgb_lightgbm_like,xgboost,16,0.7244943222143364,4.02,0.910410874266296,0.6740622140896615,9711,0.7551622418879056,0.8932593180015861,7458,0.6608839322593969,0.5952380952380952,2421,0.0915032679738562,0.7241379310344828,2754,0.04,0.09195402298850575,200
rev1.0,nsl_kdd,xgb_lightgbm_like,xgboost,17,0.7017388218594748,4.05,0.8914632890536505,0.6776516634050881,9711,0.7814427460445159,0.7657338063329392,7458,0.5105328376703842,0.6851441241685144,2421,0.025417574437182282,0.29045643153526973,2754,0.145,0.25663716814159293,200
rev1.0,nsl_kdd,xgb_lightgbm_like,xgboost,18,0.7204134137686302,4.04,0.9261662032746371,0.6967232163606786,9711,0.7004558862965943,0.8085435691069494,7458,0.5782734407269723,0.5949851253718657,2421,0.2222222222222222,0.8895348837209303,2754,0.055,0.08270676691729323,200
rev1.0,nsl_kdd,xgb_lightgbm_like,xgboost,19,0.77013839602555,3.9,0.9350221398414169,0.7033307513555384,9711,0.7792973987664253,0.8973290103442952,7458,0.6468401486988847,0.7283720930232558,2421,0.3271604938271605,0.915650406504065,2754,0.015,0.13043478260869565,200
rev1.0,nsl_kdd,xgb_lightgbm_like,xgboost,20,0.7356281050390348,3.99,0.9663268458449181,0.6736056277367023,9711,0.7287476535264146,0.8992389146260754,7458,0.6228831061544816,0.7277992277992278,2421,0.09259259259259259,0.5225409836065574,2754,0.01,0.2222222222222222,200
rev1.0,nsl_kdd,xgb_lightgbm_like,xgboost,21,0.7703158268275373,5.06,0.9710637421480794,0.6728025114155252,9711,0.827835880933226,0.9634831460674157,7458,0.641057414291615,0.8185654008438819,2421,0.06971677559912855,0.9846153846153847,2754,0.09,0.6206896551724138,200
rev1.0,nsl_kdd,xgb_lightgbm_like,xgboost,22,0.7319464158977999,4.1,0.924827515188961,0.6588658205560854,9711,0.7788951461517833,0.9204563460624307,7458,0.6224700536968195,0.6674047829937998,2421,0.07298474945533769,0.6525974025974026,2754,0.015,0.08333333333333333,200
rev1.0,nsl_kdd,xgb_lightgbm_like,xgboost,23,0.7279098651525905,3.85,0.959633405416538,0.6723180145732631,9711,0.7212389380530974,0.9115404168784952,7458,0.5803387030152829,0.5918281381634373,2421,0.10856935366739288,0.7647058823529411,2754,0.04,0.47058823529411764,200
rev1.0,nsl_kdd,xgb_lightgbm_like,xgboost,24,0.7283534421575586,4.14,0.950571516836577,0.6695923400551284,9711,0.7263341378385626,0.893010220903396,7458,0.6117306897976043,0.6680198466396031,2421,0.10530137981118373,0.7323232323232324,2754,0.005,0.012658227848101266,200
rev1.0,nsl_kdd,xgb_lightgbm_like,xgboost,25,0.725736337828247,4.05,0.9564411492122336,0.7002940511196561,9711,0.7023330651649236,0.8432066967160334,7458,0.6802973977695167,0.655391961798647,2421,0.06572258533042846,0.35145631067961164,2754,0.035,0.17073170731707318,200
rev1.0,nsl_kdd,xgb_lightgbm_like,xgboost,26,0.7312366926898509,3.97,0.9170013386880856,0.6679918985822519,9711,0.7203003486189327,0.9178199214078251,7458,0.7240809582817018,0.647819660014782,2421,0.16376180101670298,0.710236220472441,2754,0.02,0.21052631578947367,200
rev1.0,nsl_kdd,xgb_lightgbm_like,xgboost,27,0.754568843151171,4.12,0.9488209247245392,0.6768032907301308,9711,0.7839903459372486,0.9365689572321,7458,0.6047087980173482,0.7187039764359352,2421,0.17429193899782136,0.9230769230769231,2754,0.03,0.046153846153846156,200
rev1.0,nsl_kdd,xgb_lightgbm_like,xgboost,28,0.7405074520936835,4.09,0.9426423643291113,0.6754224157013208,9711,0.7514078841512469,0.9119609438567942,7458,0.6158612143742255,0.6603188662533215,2421,0.15904139433551198,0.8021978021978022,2754,0.035,0.16666666666666666,200
rev1.0,nsl_kdd,xgb_lightgbm_like,xgboost,29,0.7202803406671399,4.03,0.955205437133148,0.6398565220390425,9711,0.7178868329310807,0.9330777274311607,7458,0.5724907063197026,0.7035532994923858,2421,0.07915758896151052,0.6942675159235668,2754,0.02,0.16,200
rev1.0,nsl_kdd,xgb_lightgbm_like,xgboost,30,0.7253371185237757,3.87,0.924827515188961,0.6618763357653474,9711,0.7146688120139447,0.8889259506337558,7458,0.5617513424204874,0.6137184115523465,2421,0.24691358024691357,0.9251700680272109,2754,0.005,0.03571428571428571,200
rev1.0,nsl_kdd,xgb_lightgbm_like,xgboost,31,0.7251153300212917,4.03,0.9402739161775306,0.6486006535019179,9711,0.7055510860820595,0.8944416114227435,7458,0.5600991325898389,0.7274678111587983,2421,0.21423384168482207,0.8858858858858859,2754,0.04,0.1509433962264151,200
rev1.0,nsl_kdd,xgb_lightgbm_like,xgboost,32,0.7274219304471257,4.14,0.9198846668726187,0.6914086687306501,9711,0.7267363904532046,0.8694257298684632,7458,0.6926889714993805,0.6359499431171786,2421,0.13326071169208425,0.496617050067659,2754,0.01,0.14285714285714285,200
rev1.0,nsl_kdd,xgb_lightgbm_like,xgboost,33,0.7280872959545777,4.01,0.9502625888168057,0.6591428571428571,9711,0.7330383480825958,0.917897918065816,7458,0.5815778603882693,0.7246525990735976,2421,0.11256354393609296,0.6471816283924844,2754,0.005,0.006024096385542169,200
rev1.0,nsl_kdd,xgb_lightgbm_like,xgboost,34,0.7380677785663591,3.82,0.9610750695088045,0.6743009898128748,9711,0.6886564762670957,0.8963350785340314,7458,0.5790995456422966,0.6992518703241896,2421,0.2788671023965142,0.7975077881619937,2754,0.0,0.0,200
rev1.0,nsl_kdd,xgb_lightgbm_like,xgboost,35,0.7301277501774308,4.03,0.9631345896406137,0.6506434782608695,9711,0.7278090640922499,0.9453152211772902,7458,0.5444031391986782,0.7412823397075365,2421,0.12962962962962962,0.8004484304932735,2754,0.02,0.019704433497536946,200
rev1.0,nsl_kdd,xgb_lightgbm_like,xgboost,36,0.7334102200141944,4.0,0.9436721243950159,0.6816423683427552,9711,0.7366586216143738,0.8937693183666829,7458,0.4849235852953325,0.6268019220501868,2421,0.25163398692810457,0.6513157894736842,2754,0.045,0.5625,200
rev1.0,nsl_kdd,xgb_lightgbm_like,xgboost,37,0.73305535841022,4.06,0.9647822057460612,0.6497226074895978,9711,0.6650576562080986,0.911262171596546,7458,0.6199917389508468,0.7962864721485411,2421,0.2494553376906318,0.888745148771022,2754,0.045,0.391304347826087,200
rev1.0,nsl_kdd,xgb_lightgbm_like,xgboost,38,0.7104329311568488,3.9,0.9328596437030172,0.6529009009009009,9711,0.7362563689997318,0.8810975609756098,7458,0.5580338703015283,0.7106785902156759,2421,0.04139433551198257,0.24675324675324675,2754,0.005,0.013513513513513514,200
rev1.0,nsl_kdd,xgb_lightgbm_like,xgboost,39,0.7608676366217175,4.09,0.9173102667078571,0.7225827384815056,9711,0.8526414588361491,0.8615363771846634,7458,0.6146220570012392,0.6489315307457479,2421,0.1394335511982571,0.8552338530066815,2754,0.07,0.15053763440860216,200
