schema_version,dataset,partition_id,split_seed,architecture,seed,aggregate_accuracy,train_time_sec,normal_recall,normal_precision,normal_support,dos_recall,dos_precision,dos_support,probe_recall,probe_precision,probe_support,r2l_recall,r2l_precision,r2l_support,u2r_recall,u2r_precision,u2r_support
rev1.0,nsl_kdd,0,-1,lightgbm,0,0.5700851667849539,2.63,0.9838327669652971,0.5141811527904849,9711,0.35103244837758113,0.8418006430868167,7458,0.2755059892606361,0.8764783180026281,2421,0.004720406681190995,0.203125,2754,0.0,0.0,200
rev1.0,nsl_kdd,0,-1,lightgbm,1,0.7141589779985805,2.48,0.9369786839666358,0.6513708926909586,9711,0.7897559667471172,0.9065722641219024,7458,0.43205287071458076,0.8021472392638037,2421,0.023602033405954976,0.19519519519519518,2754,0.0,0.0,200
rev1.0,nsl_kdd,0,-1,lightgbm,2,0.7547019162526615,3.55,0.9707548141283081,0.6575294692055521,9711,0.7905604719764012,0.9618270799347471,7458,0.6344485749690211,0.80927291886196,2421,0.05192447349310094,0.9662162162162162,2754,0.06,0.3870967741935484,200
rev1.0,nsl_kdd,0,-1,lightgbm,3,0.33463449254790634,2.87,0.0009267840593141798,0.08181818181818182,9711,0.9982569053365513,0.33516409309863593,7458,0.03717472118959108,0.4411764705882353,2421,0.0,0.0,2754,0.0,0.0,200
rev1.0,nsl_kdd,0,-1,lightgbm,4,0.6688697657913414,2.42,0.9848625270312017,0.5731407682627195,9711,0.6308661839635291,0.9539740470397404,7458,0.33044196612969845,0.9101251422070534,2421,0.0032679738562091504,0.2,2754,0.005,1.0,200
rev1.0,nsl_kdd,0,-1,lightgbm,5,0.6443399574166075,2.43,0.9368757079600453,0.591739837398374,9711,0.6226870474658085,0.860637509266123,7458,0.29078893019413465,0.42718446601941745,2421,0.029048656499636893,0.64,2754,0.0,,200
rev1.0,nsl_kdd,0,-1,lightgbm,6,0.691847054648687,2.9,0.9502625888168057,0.6147901399067288,9711,0.6300616787342451,0.915270744059213,7458,0.587360594795539,0.7099350973539691,2421,0.08932461873638345,0.7834394904458599,2754,0.01,0.024096385542168676,200
rev1.0,nsl_kdd,0,-1,lightgbm,7,0.7012065294535131,2.61,0.9197816908660282,0.6424512695101776,9711,0.7272727272727273,0.806542750929368,7458,0.5357290375877737,0.7729439809296782,2421,0.054466230936819175,0.9036144578313253,2754,0.025,0.06944444444444445,200
rev1.0,nsl_kdd,0,-1,lightgbm,8,0.6718860894251242,2.79,0.8889918648954793,0.6223327566320646,9711,0.7247251273799946,0.7848119645709307,7458,0.4403139198678232,0.7271487039563438,2421,0.010530137981118372,0.23387096774193547,2754,0.07,0.07179487179487179,200
rev1.0,nsl_kdd,0,-1,lightgbm,9,0.37668559261887863,2.7,0.1377818968180414,0.8902195608782435,9711,0.9591043175113971,0.3428557733787087,7458,0.0004130524576621231,0.1111111111111111,2421,0.0,0.0,2754,0.0,0.0,200
rev1.0,nsl_kdd,0,-1,lightgbm,10,0.6421220723917672,3.06,0.7938420348058902,0.8658879029540605,9711,0.6006972378653794,0.9773123909249564,7458,0.9099545642296571,0.24576082106202587,2421,0.030501089324618737,0.9545454545454546,2754,0.0,0.0,200
rev1.0,nsl_kdd,0,-1,lightgbm,11,0.7621540099361249,2.75,0.964061373699928,0.6798838053740015,9711,0.8251541968356128,0.9533694810224632,7458,0.5960346964064436,0.7273185483870968,2421,0.08061002178649238,0.8314606741573034,2754,0.005,0.014705882352941176,200
rev1.0,nsl_kdd,0,-1,lightgbm,12,0.6552963094393187,2.81,0.7486355679126764,0.8460374723612243,9711,0.9692947170823277,0.5907493666748386,7458,0.10078479966955803,0.4485294117647059,2421,0.00907770515613653,0.040453074433656956,2754,0.025,0.009057971014492754,200
rev1.0,nsl_kdd,0,-1,lightgbm,13,0.6914034776437189,2.79,0.9207084749253424,0.6073223746773536,9711,0.6908018235451864,0.8919667590027701,7458,0.6142090045435771,0.8335201793721974,2421,0.0010893246187363835,0.03,2754,0.02,0.024691358024691357,200
rev1.0,nsl_kdd,0,-1,lightgbm,14,0.6929116394606104,2.76,0.972711358253527,0.612461907540686,9711,0.8035666398498257,0.8759134755919322,7458,0.0751755472945064,0.6791044776119403,2421,0.0,,2754,0.0,0.0,200
rev1.0,nsl_kdd,0,-1,lightgbm,15,0.6755677785663591,2.75,0.9483060446915869,0.646972038780385,9711,0.6639849825690534,0.7340646308923807,7458,0.4403139198678232,0.741307371349096,2421,0.0010893246187363835,0.03296703296703297,2754,0.0,0.0,200
rev1.0,nsl_kdd,0,-1,lightgbm,16,0.7189496096522356,2.96,0.9529399649881578,0.6697546500687559,9711,0.6855725395548404,0.9953280124586334,7458,0.7604295745559686,0.5270541082164328,2421,0.0,0.0,2754,0.0,0.0,200
rev1.0,nsl_kdd,0,-1,lightgbm,17,0.6941980127750177,2.78,0.933683451755741,0.6208147894556658,9711,0.6792705819254492,0.8859741168240644,7458,0.5914911193721603,0.6944713870029098,2421,0.030137981118373274,0.7155172413793104,2754,0.01,0.046511627906976744,200
rev1.0,nsl_kdd,0,-1,lightgbm,18,0.14837650816181688,2.64,0.09288435794459891,0.7560771165129925,9711,0.0029498525073746312,0.6111111111111112,7458,1.0,0.11379553466509988,2421,0.0,0.0,2754,0.0,0.0,200
rev1.0,nsl_kdd,0,-1,lightgbm,19,0.7195262597586941,3.04,0.937493563999588,0.6413074105381797,9711,0.7569053365513543,0.9398934398934399,7458,0.5757951259809996,0.6569274269557022,2421,0.02795933188090051,0.77,2754,0.005,0.008333333333333333,200
rev1.0,nsl_kdd,0,-1,lightgbm,20,0.6809794180269695,2.56,0.9762125424776027,0.5968645721840962,9711,0.6512469831053902,0.9085297418630752,7458,0.4155307724080958,0.8080321285140563,2421,0.0032679738562091504,0.36,2754,0.0,0.0,200
rev1.0,nsl_kdd,0,-1,lightgbm,21,0.45475514549325763,2.45,0.9278138193800844,0.4419916605347069,9711,0.06838294448913917,0.5130784708249497,7458,0.3023543990086741,0.6365217391304347,2421,0.0,,2754,0.0,0.0,200
rev1.0,nsl_kdd,0,-1,lightgbm,22,0.45839247693399576,2.74,0.32025538049634433,0.8441910966340934,9711,0.9564226334137839,0.38795822908734906,7458,0.03676166873192895,0.956989247311828,2421,0.0007262164124909223,0.6666666666666666,2754,0.0,0.0,200
rev1.0,nsl_kdd,0,-1,lightgbm,23,0.41731724627395317,2.79,0.22479662238698384,0.5454772613693153,9711,0.8801287208366855,0.4330386594537538,7458,0.09665427509293681,0.1087360594795539,2421,0.1550472040668119,0.5059241706161137,2754,0.0,0.0,200
rev1.0,nsl_kdd,0,-1,lightgbm,24,0.7178850248403122,2.88,0.9202965708989805,0.6331562167906483,9711,0.7366586216143738,0.9054054054054054,7458,0.7071458075175547,0.7495621716287215,2421,0.014524328249818447,0.5797101449275363,2754,0.005,0.125,200
rev1.0,nsl_kdd,0,-1,lightgbm,25,0.7125177430801988,2.78,0.958088765317681,0.6432077428275147,9711,0.7188254223652454,0.9315377932232841,7458,0.5774473358116481,0.6609929078014184,2421,0.0,0.0,2754,0.0,0.0,200
rev1.0,nsl_kdd,0,-1,lightgbm,26,0.725958126330731,2.59,0.9730202862732983,0.6350988036026347,9711,0.7127916331456154,0.9595667870036101,7458,0.6117306897976043,0.8075245365321702,2421,0.043209876543209874,0.8040540540540541,2754,0.005,0.006944444444444444,200
rev1.0,nsl_kdd,0,-1,lightgbm,27,0.4318665720369056,2.75,0.9801256307280404,0.4426770847867541,9711,0.029230356663984984,0.5767195767195767,7458,0.0,0.0,2421,0.0,,2754,0.0,,200
rev1.0,nsl_kdd,0,-1,lightgbm,28,0.6922462739531583,2.42,0.9094840902069817,0.6581222056631892,9711,0.6680075087154733,0.8459840380370182,7458,0.6749277158199092,0.6020633750921149,2421,0.05737109658678286,0.4633431085043988,2754,0.0,0.0,200
rev1.0,nsl_kdd,0,-1,lightgbm,29,0.5607700496806246,2.4,0.8548038307074451,0.6806329944244014,9711,0.2873424510592652,0.9341761115954664,7458,0.9078893019413465,0.27334908593458523,2421,0.0,0.0,2754,0.0,0.0,200
rev1.0,nsl_kdd,0,-1,lightgbm,30,0.6866128459900639,2.65,0.9661208938317372,0.6087464313521931,9711,0.6426655939930276,0.9492968904733611,7458,0.5183808343659645,0.7479141835518475,2421,0.017792302106027596,0.5104166666666666,2754,0.0,0.0,200
rev1.0,nsl_kdd,0,-1,lightgbm,31,0.7260024840312278,2.38,0.9195757388528473,0.6852363413136894,9711,0.7668275677125235,0.8667778114580176,7458,0.5724907063197026,0.601823708206687,2421,0.11328976034858387,0.8432432432432433,2754,0.1,0.08298755186721991,200
rev1.0,nsl_kdd,0,-1,lightgbm,32,0.6590223562810504,2.52,0.923488827103285,0.6108991825613079,9711,0.6080718691338161,0.9310203243687127,7458,0.5588599752168525,0.45802301963439407,2421,0.0,0.0,2754,0.005,0.029411764705882353,200
rev1.0,nsl_kdd,0,-1,lightgbm,33,0.6975691980127751,2.56,0.9452167644938729,0.63531284606866,9711,0.701796728345401,0.921965827021314,7458,0.4700536968194961,0.6325736520289049,2421,0.06172839506172839,0.7522123893805309,2754,0.025,0.012690355329949238,200
rev1.0,nsl_kdd,0,-1,lightgbm,34,0.7132718239886444,2.84,0.9715786221810319,0.6078077691167945,9711,0.724993295789756,0.9841645431379686,7458,0.4638579099545642,0.8239178283198826,2421,0.04175744371822803,0.7098765432098766,2754,0.0,0.0,200
rev1.0,nsl_kdd,0,-1,lightgbm,35,0.33059794180269697,2.9,0.0,0.0,9711,0.9993295789755967,0.3306712808909002,7458,0.0,,2421,0.0,,2754,0.0,0.0,200
rev1.0,nsl_kdd,0,-1,lightgbm,36,0.5291430092264017,2.57,0.9632375656472042,0.568321283188529,9711,0.221373022257978,0.8800639658848614,7458,0.3812474184221396,0.2602199041443473,2421,0.00036310820624546115,0.0015748031496062992,2754,0.0,0.0,200
rev1.0,nsl_kdd,0,-1,lightgbm,37,0.7079045422285308,2.46,0.9726083822469365,0.6345314074571716,9711,0.670555108608206,0.925254394079556,7458,0.53696819496076,0.6900212314225053,2421,0.07116920842411038,0.697508896797153,2754,0.085,0.19101123595505617,200
rev1.0,nsl_kdd,0,-1,lightgbm,38,0.6568488289567069,2.67,0.9024817217588302,0.6391481913652275,9711,0.6139715741485653,0.9169002803364037,7458,0.46922759190417185,0.5819672131147541,2421,0.11946259985475671,0.3777267508610792,2754,0.0,0.0,200
rev1.0,nsl_kdd,0,-1,lightgbm,39,0.6704222853087296,2.35,0.978478014622593,0.5812687343243409,9711,0.6311343523732904,0.9363437437835688,7458,0.3738124741842214,0.7795004306632214,2421,0.0,,2754,0.0,0.0,200
rev1.0,nsl_kdd,0,-1,xgboost,0,0.7785220014194464,4.27,0.9716815981876222,0.6806116560877091,9711,0.8431214802896219,0.9642692838521699,7458,0.6464270962412226,0.828042328042328,2421,0.0915032679738562,0.984375,2754,0.05,0.7692307692307693,200
rev1.0,nsl_kdd,0,-1,xgboost,1,0.7746628814762243,3.66,0.9716815981876222,0.6781171397772189,9711,0.8423169750603379,0.9645324735145094,7458,0.6158612143742255,0.8046411225040475,2421,0.08896151053013798,0.98,2754,0.05,0.7692307692307693,200
rev1.0,nsl_kdd,0,-1,xgboost,2,0.7749290276792051,3.63,0.9719905262073937,0.6755654165473804,9711,0.8433896486993833,0.9642802391537636,7458,0.6464270962412226,0.839142091152815,2421,0.060639070442992014,0.9709302325581395,2754,0.045,0.75,200
rev1.0,nsl_kdd,0,-1,xgboost,3,0.7774130589070263,3.59,0.9718875502008032,0.680657723929035,9711,0.8413783856261733,0.9641979102642901,7458,0.6666666666666666,0.8217922606924644,2421,0.06899055918663761,0.979381443298969,2754,0.045,0.75,200
rev1.0,nsl_kdd,0,-1,xgboost,4,0.7778122782114976,3.62,0.9719905262073937,0.681024531024531,9711,0.8412443014212926,0.9641924081758106,7458,0.6575795125981,0.8210417741103662,2421,0.08097312999273784,0.9823788546255506,2754,0.035,0.6363636363636364,200
rev1.0,nsl_kdd,0,-1,xgboost,5,0.7756387508871541,3.66,0.972299454227165,0.6777203560149296,9711,0.8366854384553499,0.9640043256604357,7458,0.6712102437009501,0.8329062019477191,2421,0.06136528685548293,0.9712643678160919,2754,0.05,0.7142857142857143,200
rev1.0,nsl_kdd,0,-1,xgboost,6,0.7762154009936125,3.66,0.9715786221810319,0.680883308075341,9711,0.8416465540359346,0.9642089093701997,7458,0.6658405617513424,0.8080200501253133,2421,0.05809731299927379,0.9815950920245399,2754,0.075,0.7894736842105263,200
rev1.0,nsl_kdd,0,-1,xgboost,7,0.7780784244144784,3.68,0.9716815981876222,0.6831245927749222,9711,0.8417806382408153,0.9642144063891875,7458,0.6464270962412226,0.8021527421834956,2421,0.0915032679738562,0.9882352941176471,2754,0.05,0.7142857142857143,200
rev1.0,nsl_kdd,0,-1,xgboost,8,0.7784332860184529,3.73,0.9718875502008032,0.6842601319509897,9711,0.8405738803968893,0.9641648723469701,7458,0.6707971912432878,0.8031651829871415,2421,0.0766158315177923,0.9768518518518519,2754,0.035,0.6363636363636364,200
rev1.0,nsl_kdd,0,-1,xgboost,9,0.7729772888573456,3.79,0.9719905262073937,0.6782352518502551,9711,0.8291767229820327,0.9636901979117968,7458,0.6654275092936803,0.8010939830929885,2421,0.06535947712418301,0.9836065573770492,2754,0.06,0.75,200
rev1.0,nsl_kdd,0,-1,xgboost,10,0.7757718239886444,3.67,0.9719905262073937,0.6809262732650411,9711,0.8439259855189059,0.9643021296154436,7458,0.6637752994630318,0.8035,2421,0.05156136528685548,0.9793103448275862,2754,0.035,0.7,200
rev1.0,nsl_kdd,0,-1,xgboost,11,0.7784332860184529,3.7,0.9717845741942127,0.6832959235392079,9711,0.8404397961920086,0.9640110735158413,7458,0.6658405617513424,0.8100502512562814,2421,0.0813362381989833,0.9781659388646288,2754,0.04,0.6666666666666666,200
rev1.0,nsl_kdd,0,-1,xgboost,12,0.7759492547906317,3.72,0.9719905262073937,0.6785765636232926,9711,0.8352105122016626,0.9637939037598638,7458,0.674514663362247,0.8289340101522843,2421,0.06681190994916485,0.9735449735449735,2754,0.04,0.6666666666666666,200
rev1.0,nsl_kdd,0,-1,xgboost,13,0.7793647977288858,3.6,0.9726083822469365,0.6830838215086426,9711,0.8420488066505766,0.9642253953631199,7458,0.6456009913258984,0.8149113660062565,2421,0.09876543209876543,0.9963369963369964,2754,0.05,0.7692307692307693,200
rev1.0,nsl_kdd,0,-1,xgboost,14,0.7720014194464159,3.59,0.9719905262073937,0.6755654165473804,9711,0.8381603647090373,0.9640653917334978,7458,0.6389921520033044,0.8086774699424987,2421,0.05737109658678286,0.9753086419753086,2754,0.045,0.6923076923076923,200
rev1.0,nsl_kdd,0,-1,xgboost,15,0.7707150461320085,3.58,0.9715786221810319,0.6716736669751548,9711,0.8289085545722714,0.9636788776305534,7458,0.6637752994630318,0.8352390852390852,2421,0.05119825708061002,0.9724137931034482,2754,0.05,0.7692307692307693,200
rev1.0,nsl_kdd,0,-1,xgboost,16,0.7795865862313698,3.67,0.9716815981876222,0.6853075749872903,9711,0.8372217752748726,0.9638777400432232,7458,0.6774060305658819,0.8062930186823992,2421,0.09005083514887437,0.9802371541501976,2754,0.035,0.7,200
rev1.0,nsl_kdd,0,-1,xgboost,17,0.7779453513129879,3.72,0.9717845741942127,0.6799971177403084,9711,0.8429873960847413,0.964115933139089,7458,0.6629491945477075,0.8320373250388803,2421,0.07262164124909223,0.9852216748768473,2754,0.045,0.6923076923076923,200
rev1.0,nsl_kdd,0,-1,xgboost,18,0.7759048970901349,3.53,0.9717845741942127,0.6803893294881038,9711,0.8417806382408153,0.9645106775234291,7458,0.634035522511359,0.8015665796344648,2421,0.08460421205519245,0.9831223628691983,2754,0.045,0.6923076923076923,200
rev1.0,nsl_kdd,0,-1,xgboost,19,0.7732434350603264,3.54,0.9718875502008032,0.6777251184834123,9711,0.8429873960847413,0.9642638036809816,7458,0.6224700536968195,0.7973544973544974,2421,0.06862745098039216,0.9792746113989638,2754,0.055,0.7333333333333333,200
rev1.0,nsl_kdd,0,-1,xgboost,20,0.7761266855926189,3.68,0.9715786221810319,0.6773637734223562,9711,0.8427192276749799,0.9642528382939553,7458,0.647666253614209,0.83448642895157,2421,0.07298474945533769,0.9710144927536232,2754,0.04,0.7272727272727273,200
rev1.0,nsl_kdd,0,-1,xgboost,21,0.7792760823278921,3.6,0.9717845741942127,0.6846343586767266,9711,0.8415124698310539,0.9640552995391705,7458,0.6666666666666666,0.8065967016491754,2421,0.08424110384894698,0.9830508474576272,2754,0.045,0.6923076923076923,200
rev1.0,nsl_kdd,0,-1,xgboost,22,0.7762597586941093,3.61,0.9718875502008032,0.6786022433132011,9711,0.8417806382408153,0.9642144063891875,7458,0.6319702602230484,0.8208154506437768,2421,0.08823529411764706,0.9838056680161943,2754,0.055,0.7857142857142857,200
rev1.0,nsl_kdd,0,-1,xgboost,23,0.7723119233498935,3.63,0.9719905262073937,0.6745515614950333,9711,0.8244837758112095,0.9634910686305234,7458,0.6472532011565468,0.8221406086044072,2421,0.08932461873638345,0.9879518072289156,2754,0.05,0.7142857142857143,200
rev1.0,nsl_kdd,0,-1,xgboost,24,0.7780784244144784,3.55,0.9717845741942127,0.6831969883443133,9711,0.8392330383480826,0.964109673444239,7458,0.6761668731928955,0.8091942659416708,2421,0.07153231663035585,0.9800995024875622,2754,0.055,0.7333333333333333,200
rev1.0,nsl_kdd,0,-1,xgboost,25,0.7750621007806955,3.66,0.9716815981876222,0.6808080808080809,9711,0.8431214802896219,0.9642692838521699,7458,0.6567534076827757,0.7957957957957958,2421,0.054829339143064634,0.9805194805194806,2754,0.04,0.7272727272727273,200
rev1.0,nsl_kdd,0,-1,xgboost,26,0.7787881476224272,3.63,0.9719905262073937,0.6843822505800464,9711,0.8403057119871279,0.9641538461538461,7458,0.6712102437009501,0.8056519583539911,2421,0.07879448075526507,0.9774774774774775,2754,0.045,0.6923076923076923,200
rev1.0,nsl_kdd,0,-1,xgboost,27,0.7810060326472675,3.66,0.9716815981876222,0.6837185711180349,9711,0.8419147224456959,0.9642199017199017,7458,0.6695580338703015,0.8295803480040942,2421,0.09513435003631082,0.9886792452830189,2754,0.045,0.75,200
rev1.0,nsl_kdd,0,-1,xgboost,28,0.7790986515259049,3.55,0.9717845741942127,0.6833948873922804,9711,0.8423169750603379,0.9640883977900553,7458,0.6575795125981,0.8130745658835546,2421,0.08750907770515613,0.9836734693877551,2754,0.06,0.75,200
rev1.0,nsl_kdd,0,-1,xgboost,29,0.772444996451384,3.62,0.9716815981876222,0.677824868903096,9711,0.8415124698310539,0.9642034106621601,7458,0.6394052044609665,0.7934392619169657,2421,0.052650689905591866,0.9666666666666667,2754,0.045,0.6923076923076923,200
rev1.0,nsl_kdd,0,-1,xgboost,30,0.7754613200851668,3.67,0.9719905262073937,0.6790647482014388,9711,0.8428533118798606,0.9642583218285014,7458,0.6505576208178439,0.8143743536711479,2421,0.06318082788671024,0.9720670391061452,2754,0.04,0.6666666666666666,200
rev1.0,nsl_kdd,0,-1,xgboost,31,0.7743080198722498,3.6,0.9715786221810319,0.6797550432276657,9711,0.8431214802896219,0.9642692838521699,7458,0.6394052044609665,0.7934392619169657,2421,0.0635439360929557,0.9831460674157303,2754,0.05,0.7142857142857143,200
rev1.0,nsl_kdd,0,-1,xgboost,32,0.778832505322924,3.65,0.9717845741942127,0.6847337106370628,9711,0.8413783856261733,0.9640497772315256,7458,0.6501445683601818,0.7977698935631019,2421,0.0962236746550472,0.9851301115241635,2754,0.035,0.6363636363636364,200
rev1.0,nsl_kdd,0,-1,xgboost,33,0.7771469127040455,3.67,0.9716815981876222,0.6816933969079613,9711,0.8413783856261733,0.9641979102642901,7458,0.6435357290375878,0.8055842812823164,2421,0.08896151053013798,0.98,2754,0.03,0.6,200
rev1.0,nsl_kdd,0,-1,xgboost,34,0.7743080198722498,3.69,0.972299454227165,0.6778176597272074,9711,0.8435237329042639,0.9642857142857143,7458,0.6418835192069393,0.8123366440146367,2421,0.05773420479302832,0.9754601226993865,2754,0.05,0.7142857142857143,200
rev1.0,nsl_kdd,0,-1,xgboost,35,0.7767476933995742,3.65,0.9718875502008032,0.678065953013866,9711,0.8369536068651113,0.9638665843113032,7458,0.6571664601404378,0.8360483447188649,2421,0.08387799564270153,0.9871794871794872,2754,0.045,0.75,200
rev1.0,nsl_kdd,0,-1,xgboost,36,0.7817157558552165,3.69,0.9716815981876222,0.6840159478071766,9711,0.8415124698310539,0.9643515673017824,7458,0.6757538207352334,0.83640081799591,2421,0.0962236746550472,0.977859778597786,2754,0.05,0.7142857142857143,200
rev1.0,nsl_kdd,0,-1,xgboost,37,0.7787437899219305,3.7,0.9718875502008032,0.6790905166210965,9711,0.8425851434700993,0.9640994169990794,7458,0.6612969847170591,0.8484366719660837,2421,0.08169934640522876,0.982532751091703,2754,0.04,0.6666666666666666,200
rev1.0,nsl_kdd,0,-1,xgboost,38,0.7754613200851668,3.7,0.9721964782205746,0.6763863017624302,9711,0.8325288281040494,0.9638311083514437,7458,0.6447748864105741,0.8361006963042313,2421,0.0944081336238199,0.9885931558935361,2754,0.055,0.7857142857142857,200
rev1.0,nsl_kdd,0,-1,xgboost,39,0.7696061036195884,3.69,0.9717845741942127,0.6742640754501286,9711,0.825020112630732,0.9635139367366113,7458,0.6406443618339529,0.7966101694915254,2421,0.07153231663035585,0.985,2754,0.06,0.8,200
rev1.0,nsl_kdd,1,880001,lightgbm,0,0.9964070262597587,3.57,0.9977770177838577,0.9957337883959044,11696,0.9996298124383021,0.9995064774830351,8104,0.9957884885353299,0.9957884885353299,2137,0.9314586994727593,0.9760589318600368,569,0.8947368421052632,0.8717948717948718,38
rev1.0,nsl_kdd,1,880001,lightgbm,1,0.9952093683463449,3.6,0.9960670314637483,0.9952161284811208,11696,0.9993830207305034,0.9995063556707392,8104,0.9962564342536265,0.9953249181860683,2137,0.929701230228471,0.9670932358318098,569,0.7631578947368421,0.5918367346938775,38
rev1.0,nsl_kdd,1,880001,lightgbm,2,0.9775106458481192,3.4,0.9863201094391245,0.9757252812314979,11696,0.9903751233958539,0.9930710220242515,8104,0.9213851193261582,0.948001925854598,2137,0.8717047451669596,0.906764168190128,569,0.2631578947368421,0.6666666666666666,38
rev1.0,nsl_kdd,1,880001,lightgbm,3,0.9549769339957417,3.35,0.9663987688098495,0.9796325186340787,11696,0.9617472852912142,0.946448087431694,8104,0.8979878334113243,0.9099099099099099,2137,0.859402460456942,0.8056013179571664,569,0.631578947368421,0.43636363636363634,38
rev1.0,nsl_kdd,1,880001,lightgbm,4,0.9613200851667849,3.44,0.9678522571819426,0.9685147159479809,11696,0.9774185587364265,0.9800791883197228,8104,0.9265325222274217,0.9392789373814042,2137,0.7592267135325131,0.779783393501805,569,0.5,0.16964285714285715,38
rev1.0,nsl_kdd,1,880001,lightgbm,5,0.9961852377572746,3.55,0.9974350205198358,0.9956473500042673,11696,0.9995064165844028,0.9995064165844028,8104,0.9967243799719232,0.9948622139187295,2137,0.9279437609841827,0.9723756906077348,569,0.8947368421052632,0.8717948717948718,38
rev1.0,nsl_kdd,1,880001,lightgbm,6,0.9955198722498225,3.4,0.9968365253077975,0.995389737898062,11696,0.9996298124383021,0.9993831729583025,8104,0.99719232569022,0.9939365671641791,2137,0.9261862917398945,0.96875,569,0.6578947368421053,0.6756756756756757,38
rev1.0,nsl_kdd,1,880001,lightgbm,7,0.9799503193754435,3.43,0.9843536251709987,0.9846061746343967,11696,0.9884007897334649,0.9886447790668971,8104,0.9583528310715957,0.9538891476478808,2137,0.8892794376098418,0.9150090415913201,569,0.39473684210526316,0.30612244897959184,38
rev1.0,nsl_kdd,1,880001,lightgbm,8,0.9717885024840313,3.27,0.9728967168262654,0.9813712807244502,11696,0.9826011846001974,0.9830864197530864,8104,0.9475900795507721,0.9117514633048176,2137,0.9015817223198594,0.8844827586206897,569,0.7368421052631579,0.5833333333333334,38
rev1.0,nsl_kdd,1,880001,lightgbm,9,0.9741838183108588,3.3,0.9783686730506156,0.9808846219783988,11696,0.9890177690029615,0.989628349178911,8104,0.9653720168460459,0.9754137115839243,2137,0.7434094903339191,0.7157360406091371,569,0.47368421052631576,0.2465753424657534,38
rev1.0,nsl_kdd,1,880001,lightgbm,10,0.995874733853797,3.43,0.997093023255814,0.9956458635703919,11696,0.9995064165844028,0.999259807549963,8104,0.9967243799719232,0.9953271028037384,2137,0.929701230228471,0.9688644688644689,569,0.7894736842105263,0.7692307692307693,38
rev1.0,nsl_kdd,1,880001,lightgbm,11,0.8812100780695529,3.49,0.811217510259918,0.9826014913007457,11696,0.9942003948667325,0.7745625841184388,8104,0.8390266729059429,0.9527098831030818,2137,0.8857644991212654,0.9247706422018349,569,0.631578947368421,0.4067796610169492,38
rev1.0,nsl_kdd,1,880001,lightgbm,12,0.9959190915542938,3.37,0.9973495212038304,0.9952222506612064,11696,0.9995064165844028,0.9995064165844028,8104,0.9962564342536265,0.9948598130841122,2137,0.9332161687170475,0.968978102189781,569,0.7105263157894737,0.8709677419354839,38
rev1.0,nsl_kdd,1,880001,lightgbm,13,0.9957860184528035,3.46,0.9967510259917921,0.9955593509820666,11696,0.9995064165844028,0.9995064165844028,8104,0.9962564342536265,0.9934671021931871,2137,0.9279437609841827,0.974169741697417,569,0.8947368421052632,0.7555555555555555,38
rev1.0,nsl_kdd,1,880001,lightgbm,14,0.9793293115684882,3.08,0.9866621067031464,0.9832992501704159,11696,0.9923494570582428,0.9822889947477709,8104,0.9218530650444549,0.9762140733399405,2137,0.8769771528998243,0.9072727272727272,569,0.7105263157894737,0.5094339622641509,38
rev1.0,nsl_kdd,1,880001,lightgbm,15,0.9646469127040455,3.16,0.9726402188782489,0.972972972972973,11696,0.9823543928923988,0.977889694140769,8104,0.9480580252690688,0.9179882193022202,2137,0.671353251318102,0.784394250513347,569,0.05263157894736842,0.11764705882352941,38
rev1.0,nsl_kdd,1,880001,lightgbm,16,0.9613644428672817,3.18,0.974093707250342,0.9732615752605501,11696,0.9701382033563672,0.9653732809430255,8104,0.9017313991576977,0.924220623501199,2137,0.8330404217926186,0.8186528497409327,569,0.4473684210526316,0.5666666666666667,38
rev1.0,nsl_kdd,1,880001,lightgbm,17,0.9716554293825408,3.32,0.9787106703146374,0.9780416951469583,11696,0.9769249753208292,0.978011117974058,8104,0.9429106223678053,0.9402706486234251,2137,0.8857644991212654,0.9281767955801105,569,0.5789473684210527,0.3728813559322034,38
rev1.0,nsl_kdd,1,880001,lightgbm,18,0.9709900638750887,3.43,0.9805916552667578,0.984041184041184,11696,0.9891411648568608,0.9656667871340803,8104,0.8806738418343473,0.945253641386238,2137,0.8699472759226714,0.9032846715328468,569,0.7368421052631579,0.5714285714285714,38
rev1.0,nsl_kdd,1,880001,lightgbm,19,0.9599893541518808,3.31,0.9711012311901505,0.9770322580645161,11696,0.9750740375123396,0.951475015051174,8104,0.8820776789892373,0.9253804614629357,2137,0.8506151142355008,0.9166666666666666,569,0.34210526315789475,0.2653061224489796,38
rev1.0,nsl_kdd,1,880001,lightgbm,20,0.9541341376863024,3.42,0.9711012311901505,0.9633587786259542,11696,0.9619940769990128,0.9721910462651203,8104,0.8858212447356106,0.9096588178760211,2137,0.7961335676625659,0.8176895306859205,569,0.2631578947368421,0.1,38
rev1.0,nsl_kdd,1,880001,lightgbm,21,0.9957860184528035,3.5,0.9971785225718194,0.995136518771331,11696,0.9995064165844028,0.9995064165844028,8104,0.9962564342536265,0.9943951424567959,2137,0.9279437609841827,0.9688073394495413,569,0.7631578947368421,0.8529411764705882,38
rev1.0,nsl_kdd,1,880001,lightgbm,22,0.9696593328601846,3.37,0.9752051983584131,0.9832758620689656,11696,0.9906219151036525,0.9700338327694539,8104,0.9031352363125877,0.9526159921026653,2137,0.8717047451669596,0.8117839607201309,569,0.0,0.0,38
rev1.0,nsl_kdd,1,880001,lightgbm,23,0.9783534421575586,3.46,0.9837551299589603,0.9842600513259195,11696,0.9871668311944719,0.9876543209876543,8104,0.9489939167056621,0.9384544192503471,2137,0.8787346221441125,0.946969696969697,569,0.5789473684210527,0.3384615384615385,38
rev1.0,nsl_kdd,1,880001,lightgbm,24,0.9530251951738822,3.45,0.9625512995896033,0.9700990952175786,11696,0.9529861796643633,0.9658579289644822,8104,0.9340196537201685,0.8735229759299781,2137,0.8611599297012302,0.8193979933110368,569,0.47368421052631576,0.3,38
rev1.0,nsl_kdd,1,880001,lightgbm,25,0.9815028388928317,3.36,0.9861491108071135,0.9829555138912561,11696,0.9933366238894373,0.9906473049470834,8104,0.9616284510996724,0.9707132735002362,2137,0.8242530755711776,0.8865784499054821,569,0.5,0.5,38
rev1.0,nsl_kdd,1,880001,lightgbm,26,0.9691713981547196,3.17,0.9753761969904241,0.9731297449458329,11696,0.9785291214215203,0.9865638218462304,8104,0.9686476368741226,0.9517241379310345,2137,0.7574692442882249,0.7751798561151079,569,0.2631578947368421,0.19230769230769232,38
rev1.0,nsl_kdd,1,880001,lightgbm,27,0.9744499645138396,3.3,0.9783686730506156,0.9806324449395835,11696,0.9843287265547878,0.98251016134992,8104,0.9569489939167056,0.9441366574330563,2137,0.8471001757469244,0.8827838827838828,569,0.5526315789473685,0.4772727272727273,38
rev1.0,nsl_kdd,1,880001,lightgbm,28,0.9482345635202271,3.39,0.9727257181942545,0.9580631578947368,11696,0.934106614017769,0.9610257712327028,8104,0.915769770706598,0.9060185185185186,2137,0.8242530755711776,0.8345195729537367,569,0.10526315789473684,0.05714285714285714,38
rev1.0,nsl_kdd,1,880001,lightgbm,29,0.9634936124911284,3.47,0.9688782489740082,0.9771492627403638,11696,0.9816140177690029,0.9513274336283186,8104,0.8876930276087974,0.9571140262361252,2137,0.8998242530755711,0.9343065693430657,569,0.6578947368421053,0.45454545454545453,38
rev1.0,nsl_kdd,1,880001,lightgbm,30,0.995874733853797,3.47,0.9976060191518468,0.9949688752451608,11696,0.9995064165844028,0.9995064165844028,8104,0.9962564342536265,0.9953249181860683,2137,0.9261862917398945,0.96875,569,0.7105263157894737,0.9,38
rev1.0,nsl_kdd,1,880001,lightgbm,31,0.9957860184528035,3.44,0.9972640218878249,0.9951369337087279,11696,0.9996298124383021,0.9995064774830351,8104,0.9962564342536265,0.9953249181860683,2137,0.9261862917398945,0.9741219963031423,569,0.7368421052631579,0.7368421052631579,38
rev1.0,nsl_kdd,1,880001,lightgbm,32,0.9961852377572746,3.57,0.9976060191518468,0.9953932775976796,11696,0.9996298124383021,0.9995064774830351,8104,0.9967243799719232,0.9948622139187295,2137,0.9279437609841827,0.974169741697417,569,0.8157894736842105,0.9117647058823529,38
rev1.0,nsl_kdd,1,880001,lightgbm,33,0.9735184528034067,3.36,0.9780266757865937,0.978110303548525,11696,0.9891411648568608,0.9907304412309974,8104,0.9588207767898924,0.9565826330532213,2137,0.773286467486819,0.7357859531772575,569,0.07894736842105263,0.16666666666666666,38
rev1.0,nsl_kdd,1,880001,lightgbm,34,0.9787970191625266,3.62,0.9822161422708618,0.9846575812119653,11696,0.9890177690029615,0.9851278269419862,8104,0.9555451567618156,0.9506517690875232,2137,0.8646748681898067,0.9128014842300557,569,0.7631578947368421,0.5370370370370371,38
rev1.0,nsl_kdd,1,880001,lightgbm,35,0.955110007097232,3.33,0.9681942544459644,0.9603120759837178,11696,0.9711253701875617,0.9603416717510678,8104,0.944782405240992,0.9632633587786259,2137,0.5588752196836555,0.7162162162162162,569,0.02631578947368421,0.058823529411764705,38
rev1.0,nsl_kdd,1,880001,lightgbm,36,0.9826561391057488,3.51,0.9900820793433652,0.9868757456962672,11696,0.9816140177690029,0.9923902195608783,8104,0.9756668226485727,0.9383438343834384,2137,0.8875219683655536,0.9546313799621928,569,0.7368421052631579,0.6511627906976745,38
rev1.0,nsl_kdd,1,880001,lightgbm,37,0.9621628814762243,3.33,0.9699042407660738,0.9778467373502284,11696,0.9819842053307009,0.96320503510046,8104,0.8834815161441273,0.9138431752178122,2137,0.836555360281195,0.8880597014925373,569,0.6578947368421053,0.31645569620253167,38
rev1.0,nsl_kdd,1,880001,lightgbm,38,0.9707239176721079,3.38,0.9665697674418605,0.9857865364492501,11696,0.9897581441263573,0.9633677636319962,8104,0.9686476368741226,0.9366515837104072,2137,0.81195079086116,0.9447852760736196,569,0.6842105263157895,0.5098039215686274,38
rev1.0,nsl_kdd,1,880001,lightgbm,39,0.9426454932576295,3.4,0.9658857729138167,0.9670433145009416,11696,0.9521224086870681,0.9575577066269546,8104,0.9195133364529715,0.9282002834199339,2137,0.44815465729349735,0.6407035175879398,569,0.47368421052631576,0.06228373702422145,38
rev1.0,nsl_kdd,1,880001,xgboost,0,0.9961852377572746,3.92,0.9974350205198358,0.9956473500042673,11696,0.9995064165844028,0.9995064165844028,8104,0.9967243799719232,0.9943977591036415,2137,0.9314586994727593,0.9724770642201835,569,0.8421052631578947,0.8888888888888888,38
rev1.0,nsl_kdd,1,880001,xgboost,1,0.9962295954577715,3.92,0.9976915184678523,0.9954785872717966,11696,0.9993830207305034,0.9995063556707392,8104,0.99719232569022,0.9944003733084461,2137,0.929701230228471,0.9760147601476015,569,0.8157894736842105,0.9117647058823529,38
rev1.0,nsl_kdd,1,880001,xgboost,2,0.9961408800567778,3.93,0.9973495212038304,0.9957319675629535,11696,0.9995064165844028,0.9995064165844028,8104,0.99719232569022,0.9939365671641791,2137,0.929701230228471,0.9706422018348624,569,0.8421052631578947,0.8888888888888888,38
rev1.0,nsl_kdd,1,880001,xgboost,3,0.9961852377572746,3.92,0.9975205198358413,0.9955627613277583,11696,0.9995064165844028,0.9995064165844028,8104,0.9967243799719232,0.9939337377508166,2137,0.9279437609841827,0.9759704251386322,569,0.868421052631579,0.8918918918918919,38
rev1.0,nsl_kdd,1,880001,xgboost,4,0.9962295954577715,3.94,0.9974350205198358,0.995902339081441,11696,0.9995064165844028,0.9995064165844028,8104,0.99719232569022,0.9948646125116714,2137,0.9332161687170475,0.9672131147540983,569,0.8157894736842105,0.8857142857142857,38
rev1.0,nsl_kdd,1,880001,xgboost,5,0.9960078069552875,3.92,0.9972640218878249,0.99556162512803,11696,0.9995064165844028,0.999383096853794,8104,0.99719232569022,0.9939365671641791,2137,0.929701230228471,0.9706422018348624,569,0.7894736842105263,0.8823529411764706,38
rev1.0,nsl_kdd,1,880001,xgboost,6,0.9960521646557843,3.88,0.9974350205198358,0.9954774298148307,11696,0.9993830207305034,0.9993830207305034,8104,0.99719232569022,0.9939365671641791,2137,0.9261862917398945,0.9741219963031423,569,0.8421052631578947,0.8888888888888888,38
rev1.0,nsl_kdd,1,880001,xgboost,7,0.9960521646557843,3.8,0.9972640218878249,0.9956466069142126,11696,0.9995064165844028,0.999383096853794,8104,0.9967243799719232,0.9939337377508166,2137,0.9314586994727593,0.9706959706959707,569,0.8157894736842105,0.8857142857142857,38
rev1.0,nsl_kdd,1,880001,xgboost,8,0.9963626685592619,3.83,0.9977770177838577,0.9957337883959044,11696,0.9995064165844028,0.9995064165844028,8104,0.9967243799719232,0.9943977591036415,2137,0.929701230228471,0.977818853974122,569,0.868421052631579,0.8918918918918919,38
rev1.0,nsl_kdd,1,880001,xgboost,9,0.9961852377572746,3.89,0.9974350205198358,0.9956473500042673,11696,0.9995064165844028,0.9995064165844028,8104,0.99719232569022,0.9939365671641791,2137,0.9279437609841827,0.974169741697417,569,0.868421052631579,0.8918918918918919,38
rev1.0,nsl_kdd,1,880001,xgboost,10,0.9961852377572746,3.79,0.9976060191518468,0.9954782015186417,11696,0.9993830207305034,0.9995063556707392,8104,0.9967243799719232,0.9943977591036415,2137,0.9314586994727593,0.9760589318600368,569,0.8157894736842105,0.8857142857142857,38
rev1.0,nsl_kdd,1,880001,xgboost,11,0.9960521646557843,3.74,0.9975205198358413,0.9953079679235626,11696,0.9995064165844028,0.999383096853794,8104,0.9967243799719232,0.9943977591036415,2137,0.9279437609841827,0.9759704251386322,569,0.7894736842105263,0.8823529411764706,38
rev1.0,nsl_kdd,1,880001,xgboost,12,0.9963183108587651,3.84,0.9976060191518468,0.9957330602491893,11696,0.9995064165844028,0.9995064165844028,8104,0.99719232569022,0.9939365671641791,2137,0.929701230228471,0.9760147601476015,569,0.868421052631579,0.9166666666666666,38
rev1.0,nsl_kdd,1,880001,xgboost,13,0.9962739531582683,3.91,0.9976060191518468,0.9956480928406861,11696,0.9995064165844028,0.999383096853794,8104,0.9962564342536265,0.9943951424567959,2137,0.9332161687170475,0.9761029411764706,569,0.8421052631578947,0.9142857142857143,38
rev1.0,nsl_kdd,1,880001,xgboost,14,0.9961852377572746,3.96,0.9974350205198358,0.9956473500042673,11696,0.9995064165844028,0.999383096853794,8104,0.9967243799719232,0.9943977591036415,2137,0.9314586994727593,0.9742647058823529,569,0.8421052631578947,0.8888888888888888,38
rev1.0,nsl_kdd,1,880001,xgboost,15,0.9959634492547906,3.96,0.9972640218878249,0.9953067667889751,11696,0.9995064165844028,0.999383096853794,8104,0.99719232569022,0.9939365671641791,2137,0.9244288224956063,0.9722735674676525,569,0.8421052631578947,0.9142857142857143,38
rev1.0,nsl_kdd,1,880001,xgboost,16,0.9961408800567778,3.96,0.9976060191518468,0.9954782015186417,11696,0.9995064165844028,0.9995064165844028,8104,0.9967243799719232,0.9943977591036415,2137,0.9244288224956063,0.9740740740740741,569,0.868421052631579,0.8918918918918919,38
rev1.0,nsl_kdd,1,880001,xgboost,17,0.9960965223562811,3.9,0.9976915184678523,0.995308768338451,11696,0.9995064165844028,0.9995064165844028,8104,0.99719232569022,0.9948646125116714,2137,0.9244288224956063,0.9740740740740741,569,0.7894736842105263,0.8823529411764706,38
rev1.0,nsl_kdd,1,880001,xgboost,18,0.9960078069552875,4.2,0.9973495212038304,0.9954770438641406,11696,0.9993830207305034,0.9995063556707392,8104,0.99719232569022,0.9939365671641791,2137,0.9261862917398945,0.9705340699815838,569,0.8421052631578947,0.8888888888888888,38
rev1.0,nsl_kdd,1,880001,xgboost,19,0.9962739531582683,3.95,0.9977770177838577,0.9954789729591401,11696,0.9995064165844028,0.9995064165844028,8104,0.9967243799719232,0.9948622139187295,2137,0.929701230228471,0.977818853974122,569,0.8157894736842105,0.8857142857142857,38
rev1.0,nsl_kdd,1,880001,xgboost,20,0.9960521646557843,3.86,0.9974350205198358,0.9954774298148307,11696,0.9995064165844028,0.9995064165844028,8104,0.9962564342536265,0.9939309056956116,2137,0.9279437609841827,0.9723756906077348,569,0.8421052631578947,0.8888888888888888,38
rev1.0,nsl_kdd,1,880001,xgboost,21,0.9961408800567778,3.83,0.9973495212038304,0.9956469784909525,11696,0.9995064165844028,0.999383096853794,8104,0.9967243799719232,0.9939337377508166,2137,0.929701230228471,0.9742173112338858,569,0.868421052631579,0.8918918918918919,38
rev1.0,nsl_kdd,1,880001,xgboost,22,0.9963626685592619,3.9,0.9976060191518468,0.9958180421609627,11696,0.9995064165844028,0.9995064165844028,8104,0.9967243799719232,0.9939337377508166,2137,0.9349736379613357,0.9761467889908257,569,0.8421052631578947,0.9142857142857143,38
rev1.0,nsl_kdd,1,880001,xgboost,23,0.9961852377572746,4.22,0.9975205198358413,0.9954778156996587,11696,0.9993830207305034,0.9995063556707392,8104,0.9967243799719232,0.9939337377508166,2137,0.929701230228471,0.9742173112338858,569,0.868421052631579,0.9428571428571428,38
rev1.0,nsl_kdd,1,880001,xgboost,24,0.9960965223562811,3.95,0.9974350205198358,0.9953924914675768,11696,0.9995064165844028,0.9995064165844028,8104,0.99719232569022,0.9939365671641791,2137,0.9279437609841827,0.9723756906077348,569,0.8157894736842105,0.9393939393939394,38
rev1.0,nsl_kdd,1,880001,xgboost,25,0.9961408800567778,3.89,0.9975205198358413,0.9955627613277583,11696,0.9993830207305034,0.9993830207305034,8104,0.99719232569022,0.9939365671641791,2137,0.9314586994727593,0.9760589318600368,569,0.7894736842105263,0.8823529411764706,38
rev1.0,nsl_kdd,1,880001,xgboost,26,0.9960078069552875,3.88,0.9974350205198358,0.9953924914675768,11696,0.9995064165844028,0.9995064165844028,8104,0.9967243799719232,0.9939337377508166,2137,0.9261862917398945,0.9723247232472325,569,0.8157894736842105,0.8857142857142857,38
rev1.0,nsl_kdd,1,880001,xgboost,27,0.9960965223562811,3.88,0.9975205198358413,0.9953928845661633,11696,0.9993830207305034,0.9993830207305034,8104,0.9967243799719232,0.9939337377508166,2137,0.929701230228471,0.9760147601476015,569,0.8157894736842105,0.9117647058823529,38
rev1.0,nsl_kdd,1,880001,xgboost,28,0.9963183108587651,3.87,0.9974350205198358,0.9960724043715847,11696,0.9995064165844028,0.9995064165844028,8104,0.99719232569022,0.9939365671641791,2137,0.9349736379613357,0.9708029197080292,569,0.8421052631578947,0.8888888888888888,38
rev1.0,nsl_kdd,1,880001,xgboost,29,0.9960521646557843,3.82,0.9976060191518468,0.995223473217332,11696,0.9995064165844028,0.9995064165844028,8104,0.9967243799719232,0.9943977591036415,2137,0.9261862917398945,0.975925925925926,569,0.7894736842105263,0.8823529411764706,38
rev1.0,nsl_kdd,1,880001,xgboost,30,0.9962295954577715,3.84,0.9975205198358413,0.995647721454173,11696,0.9995064165844028,0.999383096853794,8104,0.99719232569022,0.9944003733084461,2137,0.929701230228471,0.9742173112338858,569,0.8421052631578947,0.9142857142857143,38
rev1.0,nsl_kdd,1,880001,xgboost,31,0.9960078069552875,3.77,0.9975205198358413,0.9953079679235626,11696,0.9993830207305034,0.9995063556707392,8104,0.9967243799719232,0.9943977591036415,2137,0.9261862917398945,0.9723247232472325,569,0.8157894736842105,0.8857142857142857,38
rev1.0,nsl_kdd,1,880001,xgboost,32,0.9961408800567778,3.67,0.9973495212038304,0.9957319675629535,11696,0.9993830207305034,0.9995063556707392,8104,0.9967243799719232,0.9939337377508166,2137,0.9332161687170475,0.9707495429616088,569,0.8421052631578947,0.8888888888888888,38
rev1.0,nsl_kdd,1,880001,xgboost,33,0.9960521646557843,3.76,0.9973495212038304,0.9955620039259196,11696,0.9995064165844028,0.999383096853794,8104,0.9962564342536265,0.9939309056956116,2137,0.929701230228471,0.9724264705882353,569,0.8421052631578947,0.8888888888888888,38
rev1.0,nsl_kdd,1,880001,xgboost,34,0.9960078069552875,3.67,0.9972640218878249,0.9954766578475719,11696,0.9995064165844028,0.999383096853794,8104,0.9967243799719232,0.9939337377508166,2137,0.929701230228471,0.9706422018348624,569,0.8157894736842105,0.9117647058823529,38
rev1.0,nsl_kdd,1,880001,xgboost,35,0.9962295954577715,3.64,0.9976060191518468,0.9956480928406861,11696,0.9993830207305034,0.9995063556707392,8104,0.99719232569022,0.9939365671641791,2137,0.929701230228471,0.9760147601476015,569,0.8421052631578947,0.8888888888888888,38
rev1.0,nsl_kdd,1,880001,xgboost,36,0.9960965223562811,3.69,0.9974350205198358,0.9955623826591569,11696,0.9995064165844028,0.999383096853794,8104,0.9967243799719232,0.9943977591036415,2137,0.9279437609841827,0.9723756906077348,569,0.8421052631578947,0.8888888888888888,38
rev1.0,nsl_kdd,1,880001,xgboost,37,0.9963626685592619,3.7,0.9978625170998632,0.9955642753561376,11696,0.9995064165844028,0.9995064165844028,8104,0.99719232569022,0.9944003733084461,2137,0.929701230228471,0.9814471243042672,569,0.8157894736842105,0.8857142857142857,38
rev1.0,nsl_kdd,1,880001,xgboost,38,0.9960521646557843,3.7,0.9975205198358413,0.9953928845661633,11696,0.9993830207305034,0.9993830207305034,8104,0.9967243799719232,0.9939337377508166,2137,0.9279437609841827,0.9759704251386322,569,0.8157894736842105,0.8857142857142857,38
rev1.0,nsl_kdd,1,880001,xgboost,39,0.9962739531582683,4.15,0.9976060191518468,0.9957330602491893,11696,0.9993830207305034,0.9995063556707392,8104,0.9967243799719232,0.9939337377508166,2137,0.9314586994727593,0.9760589318600368,569,0.868421052631579,0.8918918918918919,38
rev1.0,nsl_kdd,2,880002,lightgbm,0,0.9359918381831086,3.46,0.9569938440492476,0.9561763198359815,11696,0.9346001974333662,0.9561923999495013,8104,0.9050070191857744,0.8953703703703704,2137,0.70298769771529,0.5755395683453237,569,0.0,0.0,38
rev1.0,nsl_kdd,2,880002,lightgbm,1,0.9958303761533002,3.37,0.9968365253077975,0.9954747267759563,11696,0.9988894373149062,0.9990127113414785,8104,0.99719232569022,0.9934731934731935,2137,0.9349736379613357,0.9797421731123389,569,0.868421052631579,0.8048780487804879,38
rev1.0,nsl_kdd,2,880002,lightgbm,2,0.9782203690560681,3.13,0.979907660738714,0.9858076724582832,11696,0.9884007897334649,0.984997540580423,8104,0.956481048198409,0.9691797060218112,2137,0.8998242530755711,0.8421052631578947,569,0.6842105263157895,0.37681159420289856,38
rev1.0,nsl_kdd,2,880002,lightgbm,3,0.975514549325763,3.1,0.9795656634746922,0.983264675592173,11696,0.9886475814412635,0.9870641862757177,8104,0.9386991109031352,0.9147286821705426,2137,0.8910369068541301,0.9151624548736462,569,0.2631578947368421,0.35714285714285715,38
rev1.0,nsl_kdd,2,880002,lightgbm,4,0.98624911284599,3.07,0.9896545827633378,0.9883869865938008,11696,0.9921026653504442,0.9944341372912802,8104,0.9784744969583529,0.9671600370027752,2137,0.8857644991212654,0.9197080291970803,569,0.631578947368421,0.631578947368421,38
rev1.0,nsl_kdd,2,880002,lightgbm,5,0.9961852377572746,3.32,0.997093023255814,0.9955608673382278,11696,0.9988894373149062,0.9990127113414785,8104,0.9990641085634067,0.9939478584729982,2137,0.9367311072056239,0.9797794117647058,569,0.868421052631579,0.9428571428571428,38
rev1.0,nsl_kdd,2,880002,lightgbm,6,0.9960078069552875,3.11,0.9971785225718194,0.9952214352760475,11696,0.9988894373149062,0.9990127113414785,8104,0.99859616284511,0.9939450395901258,2137,0.9332161687170475,0.9815157116451017,569,0.8157894736842105,0.9117647058823529,38
rev1.0,nsl_kdd,2,880002,lightgbm,7,0.9834545777146912,3.06,0.9843536251709987,0.9887495705942975,11696,0.9922260612043435,0.9883235004916421,8104,0.9728591483387927,0.9660780669144982,2137,0.9103690685413005,0.8839590443686007,569,0.5263157894736842,0.7692307692307693,38
rev1.0,nsl_kdd,2,880002,lightgbm,8,0.95444464158978,3.07,0.9525478796169631,0.9701323580633926,11696,0.9668065153010859,0.9438621852788821,8104,0.9372952737482452,0.9425882352941176,2137,0.8945518453427065,0.8760757314974182,569,0.7631578947368421,0.5471698113207547,38
rev1.0,nsl_kdd,2,880002,lightgbm,9,0.9960965223562811,3.27,0.9970075239398085,0.9958155422715628,11696,0.9988894373149062,0.9990127113414785,8104,1.0,0.9944160074453234,2137,0.9314586994727593,0.9833024118738405,569,0.868421052631579,0.7674418604651163,38
rev1.0,nsl_kdd,2,880002,lightgbm,10,0.9960965223562811,3.13,0.9970075239398085,0.9956454918032787,11696,0.9990128331688055,0.9990128331688055,8104,0.9990641085634067,0.9944108057755007,2137,0.9349736379613357,0.9761467889908257,569,0.8421052631578947,0.8888888888888888,38
rev1.0,nsl_kdd,2,880002,lightgbm,11,0.9728087295954577,3.11,0.9825581395348837,0.9780425531914894,11696,0.9824777887462981,0.9765730405985527,8104,0.9050070191857744,0.9574257425742574,2137,0.9015817223198594,0.9310344827586207,569,0.7894736842105263,0.42857142857142855,38
rev1.0,nsl_kdd,2,880002,lightgbm,12,0.9958303761533002,3.28,0.9966655266757866,0.9956440040997608,11696,0.9990128331688055,0.998766345916605,8104,0.9981282171268133,0.9939422180801492,2137,0.9332161687170475,0.9797047970479705,569,0.868421052631579,0.7857142857142857,38
rev1.0,nsl_kdd,2,880002,lightgbm,13,0.9958303761533002,3.33,0.9968365253077975,0.9954747267759563,11696,0.9988894373149062,0.9988894373149062,8104,0.99859616284511,0.9934823091247672,2137,0.9314586994727593,0.9833024118738405,569,0.8421052631578947,0.7804878048780488,38
rev1.0,nsl_kdd,2,880002,lightgbm,14,0.9960965223562811,3.36,0.9970075239398085,0.9957305097771326,11696,0.9990128331688055,0.9988895743368291,8104,0.9990641085634067,0.9944108057755007,2137,0.9332161687170475,0.9779005524861878,569,0.868421052631579,0.868421052631579,38
rev1.0,nsl_kdd,2,880002,lightgbm,15,0.9959190915542938,3.53,0.9968365253077975,0.9955597301682179,11696,0.9991362290227048,0.9988897113249445,8104,0.99859616284511,0.9939450395901258,2137,0.9367311072056239,0.9779816513761468,569,0.7631578947368421,0.8285714285714286,38
rev1.0,nsl_kdd,2,880002,lightgbm,16,0.9685060326472675,3.2,0.9772571819425444,0.9812843406593407,11696,0.9759378084896347,0.9777475584126591,8104,0.9199812821712682,0.9127205199628597,2137,0.8857644991212654,0.8386023294509152,569,0.6578947368421053,0.4807692307692308,38
rev1.0,nsl_kdd,2,880002,lightgbm,17,0.9959190915542938,3.49,0.9968365253077975,0.995389737898062,11696,0.9988894373149062,0.9990127113414785,8104,0.9990641085634067,0.9939478584729982,2137,0.9314586994727593,0.977859778597786,569,0.868421052631579,0.868421052631579,38
rev1.0,nsl_kdd,2,880002,lightgbm,18,0.9837650816181689,3.42,0.989141586867305,0.9866950959488273,11696,0.9891411648568608,0.9896296296296296,8104,0.9592887225081891,0.9597378277153558,2137,0.8980667838312829,0.9515828677839852,569,0.8421052631578947,0.6956521739130435,38
rev1.0,nsl_kdd,2,880002,lightgbm,19,0.995874733853797,3.5,0.9967510259917921,0.9957294157840793,11696,0.9990128331688055,0.9990128331688055,8104,1.0,0.9921077065923862,2137,0.9349736379613357,0.9797421731123389,569,0.7368421052631579,0.8,38
rev1.0,nsl_kdd,2,880002,lightgbm,20,0.9670865862313698,3.3,0.9766586867305062,0.9704358168379916,11696,0.9816140177690029,0.986360818350899,8104,0.9270004679457183,0.9300469483568075,2137,0.7768014059753954,0.7949640287769785,569,0.02631578947368421,0.045454545454545456,38
rev1.0,nsl_kdd,2,880002,lightgbm,21,0.9627838892831796,3.19,0.969733242134063,0.9727272727272728,11696,0.9774185587364265,0.965740063399171,8104,0.9330837622835751,0.9459203036053131,2137,0.7750439367311072,0.8273921200750469,569,0.18421052631578946,0.17073170731707318,38
rev1.0,nsl_kdd,2,880002,lightgbm,22,0.9960521646557843,3.67,0.9970075239398085,0.9958155422715628,11696,0.9988894373149062,0.9990127113414785,8104,0.99859616284511,0.9934823091247672,2137,0.9384885764499121,0.9798165137614679,569,0.8157894736842105,0.8157894736842105,38
rev1.0,nsl_kdd,2,880002,lightgbm,23,0.9960521646557843,3.65,0.997093023255814,0.9953909184021851,11696,0.9988894373149062,0.9990127113414785,8104,0.9976602714085167,0.9948670088660756,2137,0.9332161687170475,0.9797047970479705,569,0.9210526315789473,0.875,38
rev1.0,nsl_kdd,2,880002,lightgbm,24,0.9773775727466288,3.56,0.9814466484268126,0.9837175422058445,11696,0.9853158933859822,0.9847083487483044,8104,0.9536733738886289,0.945707656612529,2137,0.8927943760984183,0.9055258467023173,569,0.631578947368421,0.48,38
rev1.0,nsl_kdd,2,880002,lightgbm,25,0.9960521646557843,3.58,0.997093023255814,0.9953909184021851,11696,0.9987660414610069,0.999012589484078,8104,0.9995320542817033,0.9939506747324337,2137,0.9332161687170475,0.9815157116451017,569,0.8421052631578947,0.8888888888888888,38
rev1.0,nsl_kdd,2,880002,lightgbm,26,0.9854950319375444,3.54,0.987688098495212,0.988110512359935,11696,0.9933366238894373,0.9951786376560762,8104,0.970987365465606,0.9579870729455217,2137,0.8963093145869947,0.9375,569,0.7894736842105263,0.5555555555555556,38
rev1.0,nsl_kdd,2,880002,lightgbm,27,0.9954755145493258,3.52,0.9960670314637483,0.9956413981710965,11696,0.9986426456071076,0.998765889176848,8104,0.9990641085634067,0.9911792014856081,2137,0.9332161687170475,0.9815157116451017,569,0.868421052631579,0.7333333333333333,38
rev1.0,nsl_kdd,2,880002,lightgbm,28,0.9710344215755855,3.5,0.9725547195622435,0.9794213879800241,11696,0.9840819348469891,0.9892086330935251,8104,0.956481048198409,0.8937472671622213,2137,0.8506151142355008,0.911487758945386,569,0.34210526315789475,0.26,38
rev1.0,nsl_kdd,2,880002,lightgbm,29,0.9719659332860184,3.64,0.974093707250342,0.9842764578833694,11696,0.982847976307996,0.9728838402345181,8104,0.9522695367337389,0.9373560571165361,2137,0.8681898066783831,0.8821428571428571,569,0.6578947368421053,0.49019607843137253,38
rev1.0,nsl_kdd,2,880002,lightgbm,30,0.9962295954577715,3.55,0.996922024623803,0.9959853079354233,11696,0.9988894373149062,0.9990127113414785,8104,0.9995320542817033,0.9934883720930232,2137,0.9437609841827768,0.9781420765027322,569,0.8157894736842105,0.8857142857142857,38
rev1.0,nsl_kdd,2,880002,lightgbm,31,0.9961408800567778,3.61,0.997093023255814,0.9955608673382278,11696,0.9990128331688055,0.9990128331688055,8104,0.99859616284511,0.994408201304753,2137,0.9349736379613357,0.9797421731123389,569,0.868421052631579,0.8918918918918919,38
rev1.0,nsl_kdd,2,880002,lightgbm,32,0.9745386799148332,3.44,0.9793091655266758,0.9813228238519534,11696,0.9833415597235933,0.9844348363187153,8104,0.9536733738886289,0.9599623174752708,2137,0.8488576449912126,0.8533568904593639,569,0.6842105263157895,0.29545454545454547,38
rev1.0,nsl_kdd,2,880002,lightgbm,33,0.9813697657913414,3.42,0.9871751025991792,0.9875128292849812,11696,0.986426456071076,0.9908279623202776,8104,0.9672437997192326,0.9438356164383561,2137,0.8717047451669596,0.9185185185185185,569,0.5526315789473685,0.3888888888888889,38
rev1.0,nsl_kdd,2,880002,lightgbm,34,0.9545777146912704,3.52,0.980078659370725,0.9700431581619701,11696,0.9837117472852912,0.9769607843137255,8104,0.729995320542817,0.9341317365269461,2137,0.8857644991212654,0.6420382165605095,569,0.5526315789473685,0.1875,38
rev1.0,nsl_kdd,2,880002,lightgbm,35,0.9959634492547906,3.59,0.9968365253077975,0.9955597301682179,11696,0.9988894373149062,0.9990127113414785,8104,0.99859616284511,0.9934823091247672,2137,0.9367311072056239,0.9797794117647058,569,0.8421052631578947,0.8421052631578947,38
rev1.0,nsl_kdd,2,880002,lightgbm,36,0.995874733853797,3.66,0.9965800273597811,0.9956436320150337,11696,0.9990128331688055,0.9988895743368291,8104,0.9990641085634067,0.993485342019544,2137,0.9349736379613357,0.9743589743589743,569,0.8421052631578947,0.8648648648648649,38
rev1.0,nsl_kdd,2,880002,lightgbm,37,0.9796841731724627,3.46,0.9820451436388509,0.9863460712752254,11696,0.9930898321816387,0.9877270495827197,8104,0.9522695367337389,0.9571966133584195,2137,0.8664323374340949,0.8529411764705882,569,0.631578947368421,0.5106382978723404,38
rev1.0,nsl_kdd,2,880002,lightgbm,38,0.9606990773598296,3.39,0.9728967168262654,0.9680136112292641,11696,0.9689042448173741,0.9781985797931979,8104,0.9241927936359382,0.9168987929433612,2137,0.7557117750439367,0.8097928436911488,569,0.5789473684210527,0.2857142857142857,38
rev1.0,nsl_kdd,2,880002,lightgbm,39,0.9776880766501065,3.5,0.9825581395348837,0.9839883551673945,11696,0.9849457058242843,0.9844597927972373,8104,0.9569489939167056,0.9445727482678984,2137,0.8699472759226714,0.8935018050541517,569,0.7105263157894737,0.7105263157894737,38
rev1.0,nsl_kdd,2,880002,xgboost,0,0.995874733853797,3.85,0.9970075239398085,0.9951356886840758,11696,0.9986426456071076,0.999012467596593,8104,0.9981282171268133,0.9934792734047508,2137,0.9314586994727593,0.9796672828096118,569,0.8947368421052632,0.918918918918919,38
rev1.0,nsl_kdd,2,880002,xgboost,1,0.9960078069552875,3.75,0.9971785225718194,0.9953063662741082,11696,0.9987660414610069,0.999012589484078,8104,0.99859616284511,0.9930200093066542,2137,0.9314586994727593,0.9851301115241635,569,0.868421052631579,0.8918918918918919,38
rev1.0,nsl_kdd,2,880002,xgboost,2,0.9960521646557843,3.72,0.9971785225718194,0.9953913117692242,11696,0.9988894373149062,0.9990127113414785,8104,0.99859616284511,0.9939450395901258,2137,0.9332161687170475,0.9815157116451017,569,0.8421052631578947,0.8888888888888888,38
rev1.0,nsl_kdd,2,880002,xgboost,3,0.9961852377572746,3.75,0.9971785225718194,0.9955612462654716,11696,0.9986426456071076,0.999012467596593,8104,0.9990641085634067,0.9944108057755007,2137,0.9367311072056239,0.9797794117647058,569,0.8947368421052632,0.918918918918919,38
rev1.0,nsl_kdd,2,880002,xgboost,4,0.9958303761533002,3.73,0.9967510259917921,0.9953893442622951,11696,0.9987660414610069,0.999012589484078,8104,0.9981282171268133,0.9930167597765364,2137,0.9349736379613357,0.9761467889908257,569,0.868421052631579,0.8918918918918919,38
rev1.0,nsl_kdd,2,880002,xgboost,5,0.9961852377572746,3.73,0.9974350205198358,0.9953075676136849,11696,0.9987660414610069,0.999012589484078,8104,0.9981282171268133,0.9948694029850746,2137,0.9349736379613357,0.9833641404805915,569,0.868421052631579,0.9166666666666666,38
rev1.0,nsl_kdd,2,880002,xgboost,6,0.9961408800567778,3.83,0.997093023255814,0.9955608673382278,11696,0.9990128331688055,0.9990128331688055,8104,0.99859616284511,0.9934823091247672,2137,0.9349736379613357,0.981549815498155,569,0.868421052631579,0.9166666666666666,38
rev1.0,nsl_kdd,2,880002,xgboost,7,0.9960078069552875,3.82,0.997093023255814,0.9953909184021851,11696,0.9986426456071076,0.999012467596593,8104,0.9995320542817033,0.9934883720930232,2137,0.929701230228471,0.9814471243042672,569,0.8947368421052632,0.8947368421052632,38
rev1.0,nsl_kdd,2,880002,xgboost,8,0.9959190915542938,3.78,0.996922024623803,0.9953901314666211,11696,0.9987660414610069,0.999012589484078,8104,0.99859616284511,0.9934823091247672,2137,0.9332161687170475,0.9779005524861878,569,0.868421052631579,0.8918918918918919,38
rev1.0,nsl_kdd,2,880002,xgboost,9,0.9959190915542938,3.81,0.996922024623803,0.9953051643192489,11696,0.9988894373149062,0.9990127113414785,8104,0.9981282171268133,0.9930167597765364,2137,0.9349736379613357,0.9797421731123389,569,0.8421052631578947,0.9142857142857143,38
rev1.0,nsl_kdd,2,880002,xgboost,10,0.995874733853797,3.83,0.9967510259917921,0.9953893442622951,11696,0.9986426456071076,0.999012467596593,8104,0.9990641085634067,0.9930232558139535,2137,0.9349736379613357,0.9761467889908257,569,0.868421052631579,0.9166666666666666,38
rev1.0,nsl_kdd,2,880002,xgboost,11,0.9959190915542938,3.89,0.997093023255814,0.9951361037631197,11696,0.9987660414610069,0.999012589484078,8104,0.99859616284511,0.9930200093066542,2137,0.9314586994727593,0.9833024118738405,569,0.8421052631578947,0.9142857142857143,38
rev1.0,nsl_kdd,2,880002,xgboost,12,0.9960521646557843,3.83,0.9971785225718194,0.9953063662741082,11696,0.9988894373149062,0.9990127113414785,8104,0.9981282171268133,0.9939422180801492,2137,0.9349736379613357,0.981549815498155,569,0.8421052631578947,0.9142857142857143,38
rev1.0,nsl_kdd,2,880002,xgboost,13,0.9960521646557843,3.87,0.9971785225718194,0.9953063662741082,11696,0.9987660414610069,0.999012589484078,8104,0.9981282171268133,0.9939422180801492,2137,0.9349736379613357,0.981549815498155,569,0.868421052631579,0.9166666666666666,38
rev1.0,nsl_kdd,2,880002,xgboost,14,0.9959634492547906,3.79,0.9970075239398085,0.9953055650392626,11696,0.9987660414610069,0.999012589484078,8104,0.99859616284511,0.9939450395901258,2137,0.9314586994727593,0.977859778597786,569,0.8947368421052632,0.918918918918919,38
rev1.0,nsl_kdd,2,880002,xgboost,15,0.9960965223562811,3.79,0.9971785225718194,0.9953913117692242,11696,0.9986426456071076,0.999012467596593,8104,0.9981282171268133,0.9930167597765364,2137,0.9384885764499121,0.985239852398524,569,0.868421052631579,0.9166666666666666,38
rev1.0,nsl_kdd,2,880002,xgboost,16,0.9960078069552875,3.86,0.996922024623803,0.9955601092896175,11696,0.9987660414610069,0.999012589484078,8104,0.99859616284511,0.9934823091247672,2137,0.9384885764499121,0.978021978021978,569,0.8421052631578947,0.8888888888888888,38
rev1.0,nsl_kdd,2,880002,xgboost,17,0.9960965223562811,3.82,0.997093023255814,0.9954758856167307,11696,0.9987660414610069,0.999012589484078,8104,0.99859616284511,0.9934823091247672,2137,0.9367311072056239,0.9815837937384899,569,0.868421052631579,0.9166666666666666,38
rev1.0,nsl_kdd,2,880002,xgboost,18,0.9961408800567778,3.87,0.9972640218878249,0.9953917050691244,11696,0.9986426456071076,0.999012467596593,8104,0.99859616284511,0.994408201304753,2137,0.9367311072056239,0.9815837937384899,569,0.868421052631579,0.9166666666666666,38
rev1.0,nsl_kdd,2,880002,xgboost,19,0.9961408800567778,3.78,0.9972640218878249,0.9953917050691244,11696,0.9988894373149062,0.9990127113414785,8104,0.99859616284511,0.9939450395901258,2137,0.9349736379613357,0.9833641404805915,569,0.8421052631578947,0.9142857142857143,38
rev1.0,nsl_kdd,2,880002,xgboost,20,0.9959190915542938,3.85,0.9970075239398085,0.9952206196125288,11696,0.9986426456071076,0.999012467596593,8104,0.9981282171268133,0.9930167597765364,2137,0.9349736379613357,0.981549815498155,569,0.868421052631579,0.9166666666666666,38
rev1.0,nsl_kdd,2,880002,xgboost,21,0.9961852377572746,3.82,0.9972640218878249,0.9954766578475719,11696,0.9990128331688055,0.9990128331688055,8104,0.9981282171268133,0.9939422180801492,2137,0.9349736379613357,0.9833641404805915,569,0.868421052631579,0.9166666666666666,38
rev1.0,nsl_kdd,2,880002,xgboost,22,0.9961852377572746,3.85,0.997093023255814,0.9956458635703919,11696,0.9987660414610069,0.999012589484078,8104,0.99859616284511,0.9934823091247672,2137,0.9402460456942003,0.981651376146789,569,0.868421052631579,0.9166666666666666,38
rev1.0,nsl_kdd,2,880002,xgboost,23,0.9960965223562811,3.86,0.997093023255814,0.9955608673382278,11696,0.9988894373149062,0.9990127113414785,8104,0.9990641085634067,0.993485342019544,2137,0.9332161687170475,0.9815157116451017,569,0.868421052631579,0.8918918918918919,38
rev1.0,nsl_kdd,2,880002,xgboost,24,0.9959190915542938,3.88,0.996922024623803,0.9953901314666211,11696,0.9986426456071076,0.999012467596593,8104,0.9981282171268133,0.9934792734047508,2137,0.9367311072056239,0.9779816513761468,569,0.868421052631579,0.8918918918918919,38
rev1.0,nsl_kdd,2,880002,xgboost,25,0.9960521646557843,3.81,0.997093023255814,0.9953909184021851,11696,0.9987660414610069,0.999012589484078,8104,0.99859616284511,0.9939450395901258,2137,0.9349736379613357,0.9797421731123389,569,0.868421052631579,0.9166666666666666,38
rev1.0,nsl_kdd,2,880002,xgboost,26,0.9959634492547906,3.78,0.9970075239398085,0.9953055650392626,11696,0.9987660414610069,0.999012589484078,8104,0.99859616284511,0.9934823091247672,2137,0.9332161687170475,0.9797047970479705,569,0.868421052631579,0.9166666666666666,38
rev1.0,nsl_kdd,2,880002,xgboost,27,0.9962739531582683,3.84,0.9972640218878249,0.9956466069142126,11696,0.9988894373149062,0.9990127113414785,8104,0.9995320542817033,0.994413407821229,2137,0.9332161687170475,0.9815157116451017,569,0.8947368421052632,0.918918918918919,38
rev1.0,nsl_kdd,2,880002,xgboost,28,0.9960078069552875,3.87,0.997093023255814,0.9953059656908765,11696,0.9988894373149062,0.9990127113414785,8104,0.9981282171268133,0.9930167597765364,2137,0.9349736379613357,0.9833641404805915,569,0.8421052631578947,0.9142857142857143,38
rev1.0,nsl_kdd,2,880002,xgboost,29,0.9960521646557843,4.48,0.9971785225718194,0.9953913117692242,11696,0.9986426456071076,0.999012467596593,8104,0.9990641085634067,0.9944108057755007,2137,0.9332161687170475,0.9797047970479705,569,0.868421052631579,0.8918918918918919,38
rev1.0,nsl_kdd,2,880002,xgboost,30,0.9960078069552875,3.86,0.9970075239398085,0.9953905249679897,11696,0.9987660414610069,0.999012589484078,8104,0.9990641085634067,0.9930232558139535,2137,0.9332161687170475,0.9815157116451017,569,0.868421052631579,0.9166666666666666,38
rev1.0,nsl_kdd,2,880002,xgboost,31,0.9960521646557843,3.88,0.996922024623803,0.9955601092896175,11696,0.9987660414610069,0.999012589484078,8104,0.99859616284511,0.9934823091247672,2137,0.9384885764499121,0.978021978021978,569,0.868421052631579,0.9166666666666666,38
rev1.0,nsl_kdd,2,880002,xgboost,32,0.9959190915542938,3.94,0.996922024623803,0.9953051643192489,11696,0.9986426456071076,0.999012467596593,8104,0.9981282171268133,0.9934792734047508,2137,0.9367311072056239,0.9779816513761468,569,0.868421052631579,0.9166666666666666,38
rev1.0,nsl_kdd,2,880002,xgboost,33,0.9957860184528035,3.9,0.996922024623803,0.9951352735341811,11696,0.9988894373149062,0.9990127113414785,8104,0.9981282171268133,0.9930167597765364,2137,0.9279437609841827,0.9795918367346939,569,0.868421052631579,0.8918918918918919,38
rev1.0,nsl_kdd,2,880002,xgboost,34,0.9960078069552875,3.9,0.9966655266757866,0.9957290509951311,11696,0.9988894373149062,0.9990127113414785,8104,0.9990641085634067,0.993485342019544,2137,0.9384885764499121,0.9726775956284153,569,0.868421052631579,0.9166666666666666,38
rev1.0,nsl_kdd,2,880002,xgboost,35,0.9960521646557843,3.9,0.9970075239398085,0.9954754994024244,11696,0.9990128331688055,0.9990128331688055,8104,0.9981282171268133,0.9934792734047508,2137,0.9349736379613357,0.9797421731123389,569,0.868421052631579,0.9166666666666666,38
rev1.0,nsl_kdd,2,880002,xgboost,36,0.9960078069552875,3.91,0.997093023255814,0.9953059656908765,11696,0.9986426456071076,0.999012467596593,8104,0.99859616284511,0.9934823091247672,2137,0.9349736379613357,0.981549815498155,569,0.868421052631579,0.9166666666666666,38
rev1.0,nsl_kdd,2,880002,xgboost,37,0.9959634492547906,3.9,0.9971785225718194,0.9952214352760475,11696,0.9987660414610069,0.999012589484078,8104,0.9990641085634067,0.9944108057755007,2137,0.9279437609841827,0.9795918367346939,569,0.868421052631579,0.8918918918918919,38
rev1.0,nsl_kdd,2,880002,xgboost,38,0.9960078069552875,3.93,0.9970075239398085,0.9954754994024244,11696,0.9986426456071076,0.999012467596593,8104,0.99859616284511,0.994408201304753,2137,0.9349736379613357,0.9761467889908257,569,0.8947368421052632,0.8947368421052632,38
rev1.0,nsl_kdd,2,880002,xgboost,39,0.9962739531582683,3.89,0.9972640218878249,0.9956466069142126,11696,0.9988894373149062,0.9990127113414785,8104,0.9995320542817033,0.9939506747324337,2137,0.9332161687170475,0.9833333333333333,569,0.8947368421052632,0.918918918918919,38
rev1.0,nsl_kdd,3,880003,lightgbm,0,0.9961408800567778,3.48,0.9976915184678523,0.9951390073341293,11696,0.9998766041461007,0.9996299037749815,8104,0.9957884885353299,0.9967213114754099,2137,0.9244288224956063,0.9758812615955473,569,0.8157894736842105,0.8157894736842105,38
rev1.0,nsl_kdd,3,880003,lightgbm,1,0.975736337828247,3.48,0.9822161422708618,0.9785349233390119,11696,0.9861796643632774,0.982663223902619,8104,0.930276087973795,0.9631782945736435,2137,0.8822495606326889,0.8932384341637011,569,0.7105263157894737,0.6,38
rev1.0,nsl_kdd,3,880003,lightgbm,2,0.9778655074520937,3.4,0.9848666210670315,0.9840252861780283,11696,0.9870434353405726,0.9825574253777177,8104,0.9494618624239588,0.9597918637653737,2137,0.8330404217926186,0.8794063079777366,569,0.631578947368421,0.5454545454545454,38
rev1.0,nsl_kdd,3,880003,lightgbm,3,0.9707239176721079,3.28,0.977000683994528,0.9777530589543938,11696,0.9851924975320829,0.9881188118811881,8104,0.9410388394946186,0.9508274231678487,2137,0.8066783831282952,0.7463414634146341,569,0.07894736842105263,0.06382978723404255,38
rev1.0,nsl_kdd,3,880003,lightgbm,4,0.9957416607523066,3.51,0.9972640218878249,0.994967158577156,11696,0.9997532082922014,0.9996298581122763,8104,0.9957884885353299,0.9962546816479401,2137,0.9173989455184535,0.9702602230483272,569,0.8421052631578947,0.7619047619047619,38
rev1.0,nsl_kdd,3,880003,lightgbm,5,0.9597232079489,3.36,0.9709302325581395,0.9729266620973269,11696,0.9631046396841066,0.9547400611620795,8104,0.9134300421151147,0.9268755935422602,2137,0.8717047451669596,0.9271028037383178,569,0.7105263157894737,0.48214285714285715,38
rev1.0,nsl_kdd,3,880003,lightgbm,6,0.9962739531582683,3.46,0.9977770177838577,0.9953940634595702,11696,0.9997532082922014,0.9996298581122763,8104,0.9967243799719232,0.9967243799719232,2137,0.9226713532513181,0.974025974025974,569,0.868421052631579,0.8461538461538461,38
rev1.0,nsl_kdd,3,880003,lightgbm,7,0.9808818310858765,3.35,0.9864911080711354,0.9827101609743634,11696,0.9879072063178678,0.988761269606027,8104,0.9592887225081891,0.9738717339667459,2137,0.8646748681898067,0.9060773480662984,569,0.7105263157894737,0.46551724137931033,38
rev1.0,nsl_kdd,3,880003,lightgbm,8,0.9587473385379702,3.57,0.9717852257181943,0.9676485612123276,11696,0.9695212240868707,0.9627496630314912,8104,0.928872250818905,0.9328007518796992,2137,0.6783831282952548,0.8126315789473684,569,0.5263157894736842,0.5882352941176471,38
rev1.0,nsl_kdd,3,880003,lightgbm,9,0.9673527324343506,3.42,0.9792236662106704,0.9813212235455402,11696,0.9775419545903258,0.966804979253112,8104,0.9026672905942911,0.9260681709073452,2137,0.8506151142355008,0.8658318425760286,569,0.5263157894736842,0.5405405405405406,38
rev1.0,nsl_kdd,3,880003,lightgbm,10,0.9962295954577715,3.41,0.9976060191518468,0.9953932775976796,11696,0.9998766041461007,0.9996299037749815,8104,0.9967243799719232,0.9971910112359551,2137,0.929701230228471,0.9706422018348624,569,0.7631578947368421,0.8285714285714286,38
rev1.0,nsl_kdd,3,880003,lightgbm,11,0.9731635911994322,3.43,0.9750341997264022,0.984971497667991,11696,0.9881539980256664,0.9692568385378842,8104,0.9382311651848385,0.9662650602409638,2137,0.875219683655536,0.9256505576208178,569,0.631578947368421,0.26373626373626374,38
rev1.0,nsl_kdd,3,880003,lightgbm,12,0.9711231369765791,3.48,0.9759746922024624,0.9777301927194861,11696,0.9814906219151036,0.9846496657588512,8104,0.9513336452971455,0.9477855477855478,2137,0.8295254833040422,0.801358234295416,569,0.5,0.3333333333333333,38
rev1.0,nsl_kdd,3,880003,lightgbm,13,0.9960078069552875,3.46,0.9977770177838577,0.9948001022930697,11696,0.9998766041461007,0.9996299037749815,8104,0.9957884885353299,0.9971883786316776,2137,0.9191564147627417,0.9739292364990689,569,0.7894736842105263,0.8333333333333334,38
rev1.0,nsl_kdd,3,880003,lightgbm,14,0.95763839602555,3.24,0.9762311901504788,0.9647655259822561,11696,0.9601431391905232,0.9710470485461126,8104,0.8947122133832476,0.9308666017526777,2137,0.8172231985940246,0.8003442340791739,569,0.34210526315789475,0.21311475409836064,38
rev1.0,nsl_kdd,3,880003,lightgbm,15,0.9960078069552875,3.63,0.9975205198358413,0.9951381780962129,11696,0.9997532082922014,0.9995065383666419,8104,0.9962564342536265,0.9971896955503513,2137,0.9261862917398945,0.975925925925926,569,0.7631578947368421,0.7435897435897436,38
rev1.0,nsl_kdd,3,880003,lightgbm,16,0.9762686302342086,3.38,0.9855506155950753,0.984876965140123,11696,0.9934600197433366,0.981470193831525,8104,0.9265325222274217,0.9686888454011742,2137,0.7715289982425307,0.8507751937984496,569,0.3157894736842105,0.15584415584415584,38
rev1.0,nsl_kdd,3,880003,lightgbm,17,0.9961408800567778,3.6,0.9977770177838577,0.9951394218470196,11696,0.9997532082922014,0.9996298581122763,8104,0.9957884885353299,0.9967213114754099,2137,0.9226713532513181,0.9758364312267658,569,0.8421052631578947,0.8205128205128205,38
rev1.0,nsl_kdd,3,880003,lightgbm,18,0.9819907735982967,3.5,0.989312585499316,0.986024712398807,11696,0.9849457058242843,0.989217994794894,8104,0.9602246139447824,0.957983193277311,2137,0.8910369068541301,0.9251824817518248,569,0.6842105263157895,0.52,38
rev1.0,nsl_kdd,3,880003,lightgbm,19,0.9892210787792761,3.48,0.9929035567715458,0.9897724367169521,11696,0.995187561697927,0.995187561697927,8104,0.9784744969583529,0.9826127819548872,2137,0.8840070298769771,0.9314814814814815,569,0.7631578947368421,0.7435897435897436,38
rev1.0,nsl_kdd,3,880003,lightgbm,20,0.9959190915542938,3.44,0.9971785225718194,0.9953913117692242,11696,0.9997532082922014,0.9996298581122763,8104,0.9953205428170332,0.9962529274004683,2137,0.9279437609841827,0.9723756906077348,569,0.8421052631578947,0.7272727272727273,38
rev1.0,nsl_kdd,3,880003,lightgbm,21,0.9206440738112136,3.43,0.9604138166894665,0.9535653650254668,11696,0.9719891411648569,0.9654369408015688,8104,0.5521759475900796,0.7845744680851063,2137,0.7943760984182777,0.45656565656565656,569,0.34210526315789475,0.11711711711711711,38
rev1.0,nsl_kdd,3,880003,lightgbm,22,0.9688165365507452,3.46,0.9803351573187414,0.9728491430510775,11696,0.9772951628825272,0.9926055896728914,8104,0.9368273280299485,0.959731543624161,2137,0.773286467486819,0.722495894909688,569,0.34210526315789475,0.15476190476190477,38
rev1.0,nsl_kdd,3,880003,lightgbm,23,0.9764460610361959,3.3,0.9803351573187414,0.9818462065422161,11696,0.9865498519249754,0.9896026735982176,8104,0.9705194197473093,0.9687062120504437,2137,0.8084358523725835,0.8363636363636363,569,0.47368421052631576,0.1875,38
rev1.0,nsl_kdd,3,880003,lightgbm,24,0.9864709013484741,3.4,0.9903385772913816,0.9879733879222109,11696,0.993583415597236,0.9940740740740741,8104,0.9719232569021994,0.9774117647058823,2137,0.8804920913884007,0.9027027027027027,569,0.6842105263157895,0.65,38
rev1.0,nsl_kdd,3,880003,lightgbm,25,0.9960965223562811,3.49,0.9977770177838577,0.9949697331400802,11696,0.9997532082922014,0.9996298581122763,8104,0.9967243799719232,0.9967243799719232,2137,0.9191564147627417,0.9757462686567164,569,0.8157894736842105,0.8378378378378378,38
rev1.0,nsl_kdd,3,880003,lightgbm,26,0.9622959545777147,3.16,0.9732387140902873,0.975825117873982,11696,0.971618953603159,0.9759543877045117,8104,0.9363593823116518,0.90625,2137,0.7662565905096661,0.759581881533101,569,0.0,0.0,38
rev1.0,nsl_kdd,3,880003,lightgbm,27,0.9845635202271115,3.29,0.9902530779753762,0.9872986105191374,11696,0.9919792694965449,0.9885636989670438,8104,0.9592887225081891,0.977587029089175,2137,0.875219683655536,0.9188191881918819,569,0.7105263157894737,0.6428571428571429,38
rev1.0,nsl_kdd,3,880003,lightgbm,28,0.9960965223562811,3.46,0.9976915184678523,0.9952238805970149,11696,0.9997532082922014,0.9996298581122763,8104,0.9957884885353299,0.9971883786316776,2137,0.9244288224956063,0.9740740740740741,569,0.8157894736842105,0.775,38
rev1.0,nsl_kdd,3,880003,lightgbm,29,0.9960521646557843,3.6,0.9975205198358413,0.9953079679235626,11696,0.9997532082922014,0.9996298581122763,8104,0.9953205428170332,0.9971870604781997,2137,0.9279437609841827,0.9723756906077348,569,0.8157894736842105,0.7560975609756098,38
rev1.0,nsl_kdd,3,880003,lightgbm,30,0.9960521646557843,3.48,0.9976060191518468,0.9949688752451608,11696,0.9997532082922014,0.9996298581122763,8104,0.9967243799719232,0.9962581852198317,2137,0.9261862917398945,0.9777365491651205,569,0.7368421052631579,0.8,38
rev1.0,nsl_kdd,3,880003,lightgbm,31,0.9963183108587651,3.54,0.9980335157318742,0.9953103683492497,11696,0.9997532082922014,0.9996298581122763,8104,0.9953205428170332,0.9967197750702905,2137,0.9279437609841827,0.974169741697417,569,0.8157894736842105,0.8857142857142857,38
rev1.0,nsl_kdd,3,880003,lightgbm,32,0.9955642299503193,3.53,0.997093023255814,0.9947117024906176,11696,0.9997532082922014,0.9996298581122763,8104,0.9948525970987365,0.9967182372245663,2137,0.9209138840070299,0.9739776951672863,569,0.7894736842105263,0.6818181818181818,38
rev1.0,nsl_kdd,3,880003,lightgbm,33,0.968639105748758,3.25,0.9732387140902873,0.9742382745635056,11696,0.9858094768015795,0.9948941469489415,8104,0.9606925596630791,0.9348816029143898,2137,0.7240773286467487,0.7030716723549488,569,0.0,0.0,38
rev1.0,nsl_kdd,3,880003,lightgbm,34,0.9474361249112846,3.45,0.9721272229822161,0.9581998988707231,11696,0.9529861796643633,0.9534567901234567,8104,0.8460458586803931,0.9049049049049049,2137,0.7978910369068541,0.8566037735849057,569,0.10526315789473684,0.08,38
rev1.0,nsl_kdd,3,880003,lightgbm,35,0.9960521646557843,3.56,0.9975205198358413,0.9951381780962129,11696,0.9998766041461007,0.9996299037749815,8104,0.9957884885353299,0.9971883786316776,2137,0.9261862917398945,0.9741219963031423,569,0.7894736842105263,0.7692307692307693,38
rev1.0,nsl_kdd,3,880003,lightgbm,36,0.9961408800567778,3.59,0.9979480164158687,0.9949705907424772,11696,0.9996298124383021,0.9996298124383021,8104,0.9957884885353299,0.9971883786316776,2137,0.9244288224956063,0.9776951672862454,569,0.7894736842105263,0.8108108108108109,38
rev1.0,nsl_kdd,3,880003,lightgbm,37,0.7135379701916252,3.52,0.979907660738714,0.8605000375403559,11696,0.26283316880552815,0.9611913357400722,8104,0.9330837622835751,0.34108792336640437,2137,0.8400702987697716,0.661134163208852,569,0.6052631578947368,0.05227272727272727,38
rev1.0,nsl_kdd,3,880003,lightgbm,38,0.9858498935415189,3.44,0.9911935704514364,0.9885733776754498,11696,0.9928430404738401,0.9914972273567467,8104,0.9672437997192326,0.9727058823529412,2137,0.8717047451669596,0.9376181474480151,569,0.6052631578947368,0.4791666666666667,38
rev1.0,nsl_kdd,3,880003,lightgbm,39,0.9963626685592619,3.57,0.9977770177838577,0.9956488354235987,11696,0.9997532082922014,0.9996298581122763,8104,0.9962564342536265,0.9971896955503513,2137,0.9261862917398945,0.9777365491651205,569,0.8947368421052632,0.7727272727272727,38
rev1.0,nsl_kdd,3,880003,xgboost,0,0.9964513839602555,3.92,0.9980335157318742,0.9953952417498081,11696,0.9996298124383021,0.9995064774830351,8104,0.99719232569022,0.9957943925233644,2137,0.9261862917398945,0.9813780260707635,569,0.8421052631578947,0.9142857142857143,38
rev1.0,nsl_kdd,3,880003,xgboost,1,0.9967175301632364,3.85,0.9982045143638851,0.9957356076759062,11696,0.9996298124383021,0.9996298124383021,8104,0.99719232569022,0.9957943925233644,2137,0.9332161687170475,0.9833333333333333,569,0.8421052631578947,0.9142857142857143,38
rev1.0,nsl_kdd,3,880003,xgboost,2,0.9965400993612491,5.55,0.9981190150478796,0.9954805150507376,11696,0.9996298124383021,0.9996298124383021,8104,0.99719232569022,0.9953292853806632,2137,0.929701230228471,0.983271375464684,569,0.8157894736842105,0.9117647058823529,38
rev1.0,nsl_kdd,3,880003,xgboost,3,0.9962295954577715,3.82,0.9980335157318742,0.9949710194340265,11696,0.9995064165844028,0.9996297667530544,8104,0.9967243799719232,0.9953271028037384,2137,0.9226713532513181,0.9794776119402985,569,0.8157894736842105,0.9393939393939394,38
rev1.0,nsl_kdd,3,880003,xgboost,4,0.9964957416607523,3.86,0.9980335157318742,0.9953952417498081,11696,0.9996298124383021,0.9996298124383021,8104,0.9967243799719232,0.9957924263674615,2137,0.9314586994727593,0.9796672828096118,569,0.8157894736842105,0.9393939393939394,38
rev1.0,nsl_kdd,3,880003,xgboost,5,0.9965400993612491,3.85,0.998375512995896,0.9952271371345777,11696,0.9996298124383021,0.9996298124383021,8104,0.9967243799719232,0.9962581852198317,2137,0.9244288224956063,0.9850187265917603,569,0.8421052631578947,0.9142857142857143,38
rev1.0,nsl_kdd,3,880003,xgboost,6,0.9965400993612491,3.87,0.9980335157318742,0.9953952417498081,11696,0.9997532082922014,0.9996298581122763,8104,0.9967243799719232,0.9962581852198317,2137,0.929701230228471,0.9796296296296296,569,0.8421052631578947,0.9411764705882353,38
rev1.0,nsl_kdd,3,880003,xgboost,7,0.9964513839602555,3.82,0.9979480164158687,0.9953948490533856,11696,0.9997532082922014,0.9996298581122763,8104,0.99719232569022,0.9962599345488546,2137,0.9279437609841827,0.9777777777777777,569,0.8157894736842105,0.9117647058823529,38
rev1.0,nsl_kdd,3,880003,xgboost,8,0.9964957416607523,3.87,0.9982045143638851,0.9952263234165886,11696,0.9996298124383021,0.9996298124383021,8104,0.9967243799719232,0.9957924263674615,2137,0.9261862917398945,0.9832089552238806,569,0.8421052631578947,0.9411764705882353,38
rev1.0,nsl_kdd,3,880003,xgboost,9,0.9964070262597587,3.84,0.9979480164158687,0.9953948490533856,11696,0.9995064165844028,0.9996297667530544,8104,0.99719232569022,0.9957943925233644,2137,0.9279437609841827,0.9777777777777777,569,0.8421052631578947,0.9142857142857143,38
rev1.0,nsl_kdd,3,880003,xgboost,10,0.9964070262597587,3.82,0.9979480164158687,0.9954797441364606,11696,0.9996298124383021,0.9995064774830351,8104,0.9976602714085167,0.9957963568425969,2137,0.9279437609841827,0.9777777777777777,569,0.7894736842105263,0.9090909090909091,38
rev1.0,nsl_kdd,3,880003,xgboost,11,0.9964957416607523,4.0,0.9980335157318742,0.9953952417498081,11696,0.9996298124383021,0.9996298124383021,8104,0.9967243799719232,0.9962581852198317,2137,0.929701230228471,0.977818853974122,569,0.8421052631578947,0.9411764705882353,38
rev1.0,nsl_kdd,3,880003,xgboost,12,0.9964513839602555,3.82,0.9980335157318742,0.9953103683492497,11696,0.9996298124383021,0.9996298124383021,8104,0.9962564342536265,0.9957904583723106,2137,0.929701230228471,0.9796296296296296,569,0.8421052631578947,0.9411764705882353,38
rev1.0,nsl_kdd,3,880003,xgboost,13,0.9966288147622427,4.57,0.9982045143638851,0.9955657883516671,11696,0.9996298124383021,0.9996298124383021,8104,0.9976602714085167,0.9957963568425969,2137,0.9279437609841827,0.9832402234636871,569,0.8421052631578947,0.9142857142857143,38
rev1.0,nsl_kdd,3,880003,xgboost,14,0.9965844570617459,3.9,0.9982045143638851,0.995480900409277,11696,0.9996298124383021,0.9996298124383021,8104,0.99719232569022,0.9962599345488546,2137,0.9279437609841827,0.9814126394052045,569,0.8421052631578947,0.9142857142857143,38
rev1.0,nsl_kdd,3,880003,xgboost,15,0.9965400993612491,3.88,0.9982045143638851,0.9953960269417683,11696,0.9997532082922014,0.9996298581122763,8104,0.9967243799719232,0.9957924263674615,2137,0.9261862917398945,0.9832089552238806,569,0.8421052631578947,0.9142857142857143,38
rev1.0,nsl_kdd,3,880003,xgboost,16,0.9965844570617459,3.93,0.9981190150478796,0.9955654101995566,11696,0.9996298124383021,0.9996298124383021,8104,0.9976602714085167,0.9962616822429906,2137,0.929701230228471,0.9796296296296296,569,0.8157894736842105,0.9117647058823529,38
rev1.0,nsl_kdd,3,880003,xgboost,17,0.9963183108587651,3.87,0.9978625170998632,0.9952246951479492,11696,0.9996298124383021,0.9996298124383021,8104,0.9976602714085167,0.9957963568425969,2137,0.9244288224956063,0.9758812615955473,569,0.8157894736842105,0.9393939393939394,38
rev1.0,nsl_kdd,3,880003,xgboost,18,0.9965844570617459,3.85,0.9981190150478796,0.9955654101995566,11696,0.9996298124383021,0.9996298124383021,8104,0.9976602714085167,0.9957963568425969,2137,0.929701230228471,0.9814471243042672,569,0.8157894736842105,0.9117647058823529,38
rev1.0,nsl_kdd,3,880003,xgboost,19,0.9964513839602555,4.54,0.9980335157318742,0.9953952417498081,11696,0.9996298124383021,0.9996298124383021,8104,0.99719232569022,0.9962599345488546,2137,0.9261862917398945,0.9777365491651205,569,0.8421052631578947,0.9142857142857143,38
rev1.0,nsl_kdd,3,880003,xgboost,20,0.9964957416607523,3.9,0.9982045143638851,0.9953111679454391,11696,0.9996298124383021,0.9996298124383021,8104,0.99719232569022,0.9962599345488546,2137,0.9244288224956063,0.9813432835820896,569,0.8421052631578947,0.9142857142857143,38
rev1.0,nsl_kdd,3,880003,xgboost,21,0.9964513839602555,3.88,0.9979480164158687,0.9953948490533856,11696,0.9995064165844028,0.9996297667530544,8104,0.9962564342536265,0.9957904583723106,2137,0.9332161687170475,0.9779005524861878,569,0.8421052631578947,0.9411764705882353,38
rev1.0,nsl_kdd,3,880003,xgboost,22,0.9964513839602555,3.87,0.9980335157318742,0.9953952417498081,11696,0.9995064165844028,0.9996297667530544,8104,0.99719232569022,0.9953292853806632,2137,0.9279437609841827,0.9814126394052045,569,0.8421052631578947,0.9142857142857143,38
rev1.0,nsl_kdd,3,880003,xgboost,23,0.9965844570617459,3.9,0.9981190150478796,0.9954805150507376,11696,0.9996298124383021,0.9996298124383021,8104,0.9967243799719232,0.9962581852198317,2137,0.9314586994727593,0.9796672828096118,569,0.8421052631578947,0.9411764705882353,38
rev1.0,nsl_kdd,3,880003,xgboost,24,0.9965844570617459,4.52,0.9982045143638851,0.9953960269417683,11696,0.9996298124383021,0.9996298124383021,8104,0.99719232569022,0.9962599345488546,2137,0.9279437609841827,0.9814126394052045,569,0.8421052631578947,0.9411764705882353,38
rev1.0,nsl_kdd,3,880003,xgboost,25,0.9965844570617459,3.81,0.9982900136798906,0.9953115676412922,11696,0.9997532082922014,0.9996298581122763,8104,0.9967243799719232,0.9962581852198317,2137,0.9261862917398945,0.9850467289719627,569,0.8421052631578947,0.9142857142857143,38
rev1.0,nsl_kdd,3,880003,xgboost,26,0.9964070262597587,3.81,0.9982045143638851,0.9950566777465268,11696,0.9996298124383021,0.9995064774830351,8104,0.99719232569022,0.9962599345488546,2137,0.9226713532513181,0.9831460674157303,569,0.8157894736842105,0.9393939393939394,38
rev1.0,nsl_kdd,3,880003,xgboost,27,0.9966288147622427,3.82,0.9981190150478796,0.9955654101995566,11696,0.9996298124383021,0.9996298124383021,8104,0.9976602714085167,0.9962616822429906,2137,0.929701230228471,0.9796296296296296,569,0.8421052631578947,0.9411764705882353,38
rev1.0,nsl_kdd,3,880003,xgboost,28,0.9964070262597587,3.86,0.9978625170998632,0.9954793585806891,11696,0.9996298124383021,0.9996298124383021,8104,0.99719232569022,0.9957943925233644,2137,0.9279437609841827,0.9759704251386322,569,0.8421052631578947,0.9142857142857143,38
rev1.0,nsl_kdd,3,880003,xgboost,29,0.9965400993612491,4.51,0.9982045143638851,0.9953111679454391,11696,0.9997532082922014,0.9996298581122763,8104,0.9981282171268133,0.9967289719626168,2137,0.9226713532513181,0.9813084112149533,569,0.8157894736842105,0.9117647058823529,38
rev1.0,nsl_kdd,3,880003,xgboost,30,0.9964513839602555,3.79,0.9980335157318742,0.9953952417498081,11696,0.9996298124383021,0.9996298124383021,8104,0.99719232569022,0.9957943925233644,2137,0.9261862917398945,0.9795539033457249,569,0.8421052631578947,0.9142857142857143,38
rev1.0,nsl_kdd,3,880003,xgboost,31,0.9964513839602555,3.8,0.9982045143638851,0.9952263234165886,11696,0.9996298124383021,0.9996298124383021,8104,0.99719232569022,0.9957943925233644,2137,0.9209138840070299,0.9831144465290806,569,0.868421052631579,0.9166666666666666,38
rev1.0,nsl_kdd,3,880003,xgboost,32,0.9964513839602555,3.79,0.9981190150478796,0.9953107681814306,11696,0.9996298124383021,0.9996298124383021,8104,0.9967243799719232,0.9957924263674615,2137,0.9261862917398945,0.9813780260707635,569,0.8421052631578947,0.9142857142857143,38
rev1.0,nsl_kdd,3,880003,xgboost,33,0.9966288147622427,3.83,0.9980335157318742,0.9957348801501322,11696,0.9996298124383021,0.9996298124383021,8104,0.9976602714085167,0.9962616822429906,2137,0.9314586994727593,0.977859778597786,569,0.8421052631578947,0.9142857142857143,38
rev1.0,nsl_kdd,3,880003,xgboost,34,0.9963183108587651,3.82,0.9980335157318742,0.9951406649616368,11696,0.9996298124383021,0.9996298124383021,8104,0.99719232569022,0.9957943925233644,2137,0.9244288224956063,0.9795158286778398,569,0.7894736842105263,0.9090909090909091,38
rev1.0,nsl_kdd,3,880003,xgboost,35,0.9965844570617459,3.84,0.9981190150478796,0.9955654101995566,11696,0.9996298124383021,0.9996298124383021,8104,0.9976602714085167,0.9957963568425969,2137,0.9279437609841827,0.9814126394052045,569,0.8421052631578947,0.9142857142857143,38
rev1.0,nsl_kdd,3,880003,xgboost,36,0.9965400993612491,3.78,0.9981190150478796,0.9954805150507376,11696,0.9996298124383021,0.9996298124383021,8104,0.9967243799719232,0.9962581852198317,2137,0.9279437609841827,0.9795918367346939,569,0.868421052631579,0.9166666666666666,38
rev1.0,nsl_kdd,3,880003,xgboost,37,0.9965400993612491,3.82,0.9980335157318742,0.9955650319829424,11696,0.9995064165844028,0.9996297667530544,8104,0.99719232569022,0.9957943925233644,2137,0.9314586994727593,0.9796672828096118,569,0.8421052631578947,0.9142857142857143,38
rev1.0,nsl_kdd,3,880003,xgboost,38,0.9962295954577715,3.84,0.9978625170998632,0.9951398362892224,11696,0.9996298124383021,0.9996298124383021,8104,0.9967243799719232,0.9953271028037384,2137,0.9226713532513181,0.9776536312849162,569,0.8421052631578947,0.9142857142857143,38
rev1.0,nsl_kdd,3,880003,xgboost,39,0.9963626685592619,3.98,0.9978625170998632,0.9953095684803002,11696,0.9996298124383021,0.9995064774830351,8104,0.99719232569022,0.9953292853806632,2137,0.9279437609841827,0.9795918367346939,569,0.8157894736842105,0.9393939393939394,38
rev1.0,nsl_kdd,4,880004,lightgbm,0,0.9056511710432931,3.44,0.9879445964432284,0.8864595320291523,11696,0.7728282329713722,0.9895718122926213,8104,0.9766027140851661,0.8073500967117988,2137,0.8646748681898067,0.9265536723163842,569,0.5263157894736842,0.3125,38
rev1.0,nsl_kdd,4,880004,lightgbm,1,0.9962739531582683,3.51,0.9968365253077975,0.9963254144590669,11696,0.9997532082922014,0.998890395758846,8104,0.9976602714085167,0.9971936389148737,2137,0.9437609841827768,0.9675675675675676,569,0.7894736842105263,0.7894736842105263,38
rev1.0,nsl_kdd,4,880004,lightgbm,2,0.9777324343506033,3.3,0.9806771545827634,0.9837893472853589,11696,0.9901283316880553,0.9845398773006135,8104,0.9597566682264858,0.9548417132216015,2137,0.8611599297012302,0.875,569,0.18421052631578946,0.25925925925925924,38
rev1.0,nsl_kdd,4,880004,lightgbm,3,0.9825230660042583,3.4,0.9872606019151847,0.9851548502687484,11696,0.9901283316880553,0.9898840365161609,8104,0.9649040711277492,0.9653558052434457,2137,0.8646748681898067,0.9300567107750473,569,0.6578947368421053,0.4807692307692308,38
rev1.0,nsl_kdd,4,880004,lightgbm,4,0.9958303761533002,3.57,0.9966655266757866,0.9956440040997608,11696,0.9997532082922014,0.998890395758846,8104,0.99719232569022,0.9976591760299626,2137,0.9349736379613357,0.9672727272727273,569,0.7368421052631579,0.717948717948718,38
rev1.0,nsl_kdd,4,880004,lightgbm,5,0.9958303761533002,3.58,0.9959815321477428,0.9962370649106302,11696,0.9998766041461007,0.9990136851189743,8104,0.9981282171268133,0.9957983193277311,2137,0.9420035149384886,0.9710144927536232,569,0.7631578947368421,0.6304347826086957,38
rev1.0,nsl_kdd,4,880004,lightgbm,6,0.9962739531582683,3.47,0.9965800273597811,0.9964948277336069,11696,0.9997532082922014,0.9991367616228881,8104,0.9981282171268133,0.9971949509116409,2137,0.945518453427065,0.9711191335740073,569,0.8157894736842105,0.6888888888888889,38
rev1.0,nsl_kdd,4,880004,lightgbm,7,0.9270315826827538,3.35,0.9728967168262654,0.969415573351508,11696,0.8703109575518263,0.9763289036544851,8104,0.9569489939167056,0.6715927750410509,2137,0.7328646748681898,0.8441295546558705,569,0.13157894736842105,0.11627906976744186,38
rev1.0,nsl_kdd,4,880004,lightgbm,8,0.9960965223562811,3.42,0.9968365253077975,0.996070055531824,11696,0.9998766041461007,0.9990136851189743,8104,0.9981282171268133,0.9967289719626168,2137,0.9367311072056239,0.9655797101449275,569,0.7368421052631579,0.7777777777777778,38
rev1.0,nsl_kdd,4,880004,lightgbm,9,0.9142565649396736,3.27,0.9294630642954856,0.9264530424407704,11696,0.9433613030602171,0.9171065259117083,8104,0.8820776789892373,0.9439158738107161,2137,0.36731107205623903,0.511002444987775,569,0.02631578947368421,0.014705882352941176,38
rev1.0,nsl_kdd,4,880004,lightgbm,10,0.9962295954577715,3.58,0.997093023255814,0.9960710625213529,11696,0.9997532082922014,0.9990135635018496,8104,0.9976602714085167,0.9971936389148737,2137,0.9384885764499121,0.969147005444646,569,0.7631578947368421,0.7837837837837838,38
rev1.0,nsl_kdd,4,880004,lightgbm,11,0.9960965223562811,3.43,0.9970075239398085,0.9958155422715628,11696,0.9998766041461007,0.9990136851189743,8104,0.9981282171268133,0.9981282171268133,2137,0.9367311072056239,0.9673321234119783,569,0.6842105263157895,0.7428571428571429,38
rev1.0,nsl_kdd,4,880004,lightgbm,12,0.9849627395315826,3.22,0.9883720930232558,0.9890485968514716,11696,0.9876604146100691,0.9914529914529915,8104,0.9859616284510997,0.9647435897435898,2137,0.8980667838312829,0.9092526690391459,569,0.6052631578947368,0.6216216216216216,38
rev1.0,nsl_kdd,4,880004,lightgbm,13,0.9824343506032647,3.44,0.9829856361149111,0.9905229602825881,11696,0.9922260612043435,0.9833679833679834,8104,0.9733270940570894,0.9629629629629629,2137,0.8945518453427065,0.9187725631768953,569,0.5526315789473685,0.45652173913043476,38
rev1.0,nsl_kdd,4,880004,lightgbm,14,0.9798172462739532,3.34,0.983156634746922,0.9863612969634585,11696,0.9890177690029615,0.9840392879066913,8104,0.9597566682264858,0.9570695286980868,2137,0.8822495606326889,0.9244935543278084,569,0.5789473684210527,0.4,38
rev1.0,nsl_kdd,4,880004,lightgbm,15,0.9960078069552875,3.5,0.9970075239398085,0.9956454918032787,11696,0.9998766041461007,0.9991368680641184,8104,0.9967243799719232,0.9967243799719232,2137,0.9384885764499121,0.969147005444646,569,0.6842105263157895,0.7647058823529411,38
rev1.0,nsl_kdd,4,880004,lightgbm,16,0.9504968062455642,3.62,0.9715287277701778,0.9815150729895482,11696,0.9833415597235933,0.9266279069767441,8104,0.7473093121197941,0.9279488669378269,2137,0.8418277680140598,0.8091216216216216,569,0.5263157894736842,0.37037037037037035,38
rev1.0,nsl_kdd,4,880004,lightgbm,17,0.9961408800567778,3.49,0.997093023255814,0.9959009393680615,11696,0.9997532082922014,0.9990135635018496,8104,0.99719232569022,0.99719232569022,2137,0.9402460456942003,0.9709618874773139,569,0.7105263157894737,0.75,38
rev1.0,nsl_kdd,4,880004,lightgbm,18,0.9962295954577715,3.55,0.9971785225718194,0.9959863364645603,11696,0.9998766041461007,0.9990136851189743,8104,0.99719232569022,0.9976591760299626,2137,0.9384885764499121,0.967391304347826,569,0.7368421052631579,0.8,38
rev1.0,nsl_kdd,4,880004,lightgbm,19,0.98624911284599,3.4,0.9879445964432284,0.9887053991614615,11696,0.9950641658440277,0.994327990135635,8104,0.9728591483387927,0.9683278993945039,2137,0.8980667838312829,0.9290909090909091,569,0.6578947368421053,0.5,38
rev1.0,nsl_kdd,4,880004,lightgbm,20,0.9958303761533002,3.49,0.9968365253077975,0.9957297805107183,11696,0.9997532082922014,0.998890395758846,8104,0.99719232569022,0.9962599345488546,2137,0.9349736379613357,0.9690346083788707,569,0.6842105263157895,0.7222222222222222,38
rev1.0,nsl_kdd,4,880004,lightgbm,21,0.9960965223562811,3.6,0.9970075239398085,0.9958155422715628,11696,0.9998766041461007,0.9990136851189743,8104,0.9981282171268133,0.9962634283045306,2137,0.9384885764499121,0.9709090909090909,569,0.6578947368421053,0.78125,38
rev1.0,nsl_kdd,4,880004,lightgbm,22,0.9449520936834634,3.3,0.9651162790697675,0.9716794353103211,11696,0.9400296150049359,0.9395658608781451,8104,0.8895648104819841,0.9223677826297914,2137,0.8312829525483304,0.8631386861313869,569,0.6052631578947368,0.10952380952380952,38
rev1.0,nsl_kdd,4,880004,lightgbm,23,0.9960521646557843,3.48,0.9970075239398085,0.9957305097771326,11696,0.9998766041461007,0.9990136851189743,8104,0.99719232569022,0.99719232569022,2137,0.9367311072056239,0.9673321234119783,569,0.7105263157894737,0.7941176470588235,38
rev1.0,nsl_kdd,4,880004,lightgbm,24,0.9726312987934705,3.35,0.9827291381668947,0.9741503517247224,11696,0.976431391905232,0.9816399950378365,8104,0.9485259709873655,0.9602084320227381,2137,0.8330404217926186,0.9063097514340345,569,0.5,0.38,38
rev1.0,nsl_kdd,4,880004,lightgbm,25,0.9790631653655074,3.34,0.9863201094391245,0.9861514788852795,11696,0.9860562685093781,0.9872745243390165,8104,0.9461862423958821,0.9313680331644404,2137,0.8804920913884007,0.9243542435424354,569,0.5789473684210527,0.5641025641025641,38
rev1.0,nsl_kdd,4,880004,lightgbm,26,0.9764017033356991,3.37,0.9864911080711354,0.981706798264273,11696,0.9833415597235933,0.9823717948717948,8104,0.9246607393542349,0.95,2137,0.8910369068541301,0.9069767441860465,569,0.5789473684210527,0.55,38
rev1.0,nsl_kdd,4,880004,lightgbm,27,0.9660663591199432,3.39,0.9732387140902873,0.9688484126308622,11696,0.9697680157946693,0.9844669923587623,8104,0.9677117454375292,0.9582947173308619,2137,0.7908611599297012,0.9,569,0.5,0.12337662337662338,38
rev1.0,nsl_kdd,4,880004,lightgbm,28,0.9834545777146912,3.44,0.9890560875512996,0.9880423641954219,11696,0.9881539980256664,0.9907212668563652,8104,0.9686476368741226,0.9614491407338597,2137,0.8857644991212654,0.9032258064516129,569,0.5526315789473685,0.5,38
rev1.0,nsl_kdd,4,880004,lightgbm,29,0.9962739531582683,3.56,0.9972640218878249,0.9959016393442623,11696,0.9998766041461007,0.9988905325443787,8104,0.9981282171268133,0.9981282171268133,2137,0.9367311072056239,0.9673321234119783,569,0.7105263157894737,0.84375,38
rev1.0,nsl_kdd,4,880004,lightgbm,30,0.9962295954577715,3.53,0.997093023255814,0.9959859936800751,11696,0.9996298124383021,0.9991366551554021,8104,0.9976602714085167,0.9962616822429906,2137,0.9402460456942003,0.9674502712477396,569,0.7631578947368421,0.8529411764705882,38
rev1.0,nsl_kdd,4,880004,lightgbm,31,0.9960965223562811,3.59,0.9971785225718194,0.9956462352740311,11696,0.9997532082922014,0.9990135635018496,8104,0.99719232569022,0.9976591760299626,2137,0.9367311072056239,0.9690909090909091,569,0.7105263157894737,0.7941176470588235,38
rev1.0,nsl_kdd,4,880004,lightgbm,32,0.971167494677076,3.47,0.977000683994528,0.9798490824901389,11696,0.989634748272458,0.9835663478047584,8104,0.9340196537201685,0.9181232750689973,2137,0.789103690685413,0.8803921568627451,569,0.05263157894736842,0.045454545454545456,38
rev1.0,nsl_kdd,4,880004,lightgbm,33,0.9964070262597587,3.56,0.9973495212038304,0.996072068994962,11696,0.9998766041461007,0.9988905325443787,8104,0.9981282171268133,0.9971949509116409,2137,0.9402460456942003,0.9744990892531876,569,0.7105263157894737,0.8181818181818182,38
rev1.0,nsl_kdd,4,880004,lightgbm,34,0.973429737402413,3.45,0.9803351573187414,0.9827719208022628,11696,0.982847976307996,0.9794638465322184,8104,0.9410388394946186,0.9388422035480859,2137,0.8418277680140598,0.8447971781305115,569,0.631578947368421,0.6666666666666666,38
rev1.0,nsl_kdd,4,880004,lightgbm,35,0.9646912704045423,3.5,0.9722982216142271,0.9757185757185757,11696,0.96964461994077,0.9754220456802384,8104,0.9461862423958821,0.9422180801491147,2137,0.8611599297012302,0.8626760563380281,569,0.15789473684210525,0.05042016806722689,38
rev1.0,nsl_kdd,4,880004,lightgbm,36,0.9962295954577715,3.62,0.997093023255814,0.9960710625213529,11696,0.9998766041461007,0.9991368680641184,8104,0.9981282171268133,0.9976613657623947,2137,0.9402460456942003,0.9657039711191335,569,0.6842105263157895,0.7647058823529411,38
rev1.0,nsl_kdd,4,880004,lightgbm,37,0.975514549325763,3.54,0.97734268125855,0.9845822566752799,11696,0.9833415597235933,0.9799557304476144,8104,0.9653720168460459,0.9288608734804142,2137,0.8857644991212654,0.9473684210526315,569,0.6578947368421053,0.5102040816326531,38
rev1.0,nsl_kdd,4,880004,lightgbm,38,0.9961408800567778,3.5,0.9972640218878249,0.9956466069142126,11696,0.9995064165844028,0.9990133201776024,8104,0.99719232569022,0.9967259120673526,2137,0.9367311072056239,0.970856102003643,569,0.7631578947368421,0.8529411764705882,38
rev1.0,nsl_kdd,4,880004,lightgbm,39,0.9961852377572746,3.55,0.9971785225718194,0.9961564742056713,11696,0.9998766041461007,0.9990136851189743,8104,0.9981282171268133,0.9976613657623947,2137,0.9384885764499121,0.969147005444646,569,0.6578947368421053,0.6944444444444444,38
rev1.0,nsl_kdd,4,880004,xgboost,0,0.9965844570617459,3.85,0.9978625170998632,0.9959040873794692,11696,1.0,0.9990138067061144,8104,0.99859616284511,0.9967304997664642,2137,0.9314586994727593,0.9833024118738405,569,0.7368421052631579,0.8484848484848485,38
rev1.0,nsl_kdd,4,880004,xgboost,1,0.9964070262597587,3.84,0.9976060191518468,0.9958180421609627,11696,1.0,0.9990138067061144,8104,0.9981282171268133,0.9957983193277311,2137,0.929701230228471,0.9796296296296296,569,0.7631578947368421,0.8787878787878788,38
rev1.0,nsl_kdd,4,880004,xgboost,2,0.9965844570617459,3.95,0.9976060191518468,0.9961581149150517,11696,1.0,0.9990138067061144,8104,0.9981282171268133,0.9962634283045306,2137,0.9367311072056239,0.9797794117647058,569,0.7631578947368421,0.8529411764705882,38
rev1.0,nsl_kdd,4,880004,xgboost,3,0.9964513839602555,3.82,0.9976915184678523,0.9959033882393103,11696,0.9998766041461007,0.9990136851189743,8104,0.9981282171268133,0.9957983193277311,2137,0.929701230228471,0.9814471243042672,569,0.7894736842105263,0.8571428571428571,38
rev1.0,nsl_kdd,4,880004,xgboost,4,0.9964513839602555,3.83,0.9976915184678523,0.9959033882393103,11696,0.9998766041461007,0.9990136851189743,8104,0.9981282171268133,0.9957983193277311,2137,0.9314586994727593,0.9796672828096118,569,0.7631578947368421,0.8787878787878788,38
rev1.0,nsl_kdd,4,880004,xgboost,5,0.9964070262597587,3.8,0.9976060191518468,0.9959030385797201,11696,1.0,0.9988906692961913,8104,0.9976602714085167,0.9962616822429906,2137,0.929701230228471,0.9796296296296296,569,0.7894736842105263,0.8571428571428571,38
rev1.0,nsl_kdd,4,880004,xgboost,6,0.9964957416607523,3.94,0.9976915184678523,0.9959883919426425,11696,0.9998766041461007,0.9991368680641184,8104,0.9981282171268133,0.9962634283045306,2137,0.9314586994727593,0.977859778597786,569,0.7894736842105263,0.8571428571428571,38
rev1.0,nsl_kdd,4,880004,xgboost,7,0.9964070262597587,3.86,0.9975205198358413,0.9959026888604353,11696,0.9998766041461007,0.9990136851189743,8104,0.9981282171268133,0.9944055944055944,2137,0.9314586994727593,0.9851301115241635,569,0.7894736842105263,0.8571428571428571,38
rev1.0,nsl_kdd,4,880004,xgboost,8,0.9963626685592619,3.91,0.9975205198358413,0.995732696082615,11696,1.0,0.9988906692961913,8104,0.9976602714085167,0.9967274427302478,2137,0.929701230228471,0.977818853974122,569,0.7894736842105263,0.8823529411764706,38
rev1.0,nsl_kdd,4,880004,xgboost,9,0.9964957416607523,4.15,0.9976060191518468,0.9958180421609627,11696,1.0,0.9990138067061144,8104,0.99859616284511,0.9953358208955224,2137,0.9314586994727593,0.9851301115241635,569,0.7631578947368421,0.8787878787878788,38
rev1.0,nsl_kdd,4,880004,xgboost,10,0.9964070262597587,3.82,0.9973495212038304,0.996072068994962,11696,0.9998766041461007,0.9990136851189743,8104,0.9981282171268133,0.9944055944055944,2137,0.9332161687170475,0.9815157116451017,569,0.8157894736842105,0.8611111111111112,38
rev1.0,nsl_kdd,4,880004,xgboost,11,0.9965400993612491,3.92,0.9976915184678523,0.9959883919426425,11696,1.0,0.9990138067061144,8104,0.9981282171268133,0.9962634283045306,2137,0.9314586994727593,0.9814814814814815,569,0.7894736842105263,0.8571428571428571,38
rev1.0,nsl_kdd,4,880004,xgboost,12,0.9964513839602555,3.84,0.9975205198358413,0.9959877070172444,11696,1.0,0.9990138067061144,8104,0.9976602714085167,0.9962616822429906,2137,0.9332161687170475,0.9779005524861878,569,0.7894736842105263,0.8571428571428571,38
rev1.0,nsl_kdd,4,880004,xgboost,13,0.9964513839602555,3.8,0.9977770177838577,0.9957337883959044,11696,0.9998766041461007,0.9990136851189743,8104,0.9976602714085167,0.9967274427302478,2137,0.9314586994727593,0.9796672828096118,569,0.7631578947368421,0.8787878787878788,38
rev1.0,nsl_kdd,4,880004,xgboost,14,0.9965844570617459,3.76,0.9976915184678523,0.9960734101579172,11696,1.0,0.9990138067061144,8104,0.99859616284511,0.996265172735761,2137,0.9332161687170475,0.9815157116451017,569,0.7631578947368421,0.8529411764705882,38
rev1.0,nsl_kdd,4,880004,xgboost,15,0.9964513839602555,3.85,0.9978625170998632,0.9958191126279864,11696,0.9998766041461007,0.9990136851189743,8104,0.9981282171268133,0.9962634283045306,2137,0.929701230228471,0.9814471243042672,569,0.7368421052631579,0.8484848484848485,38
rev1.0,nsl_kdd,4,880004,xgboost,16,0.9963626685592619,3.88,0.9976060191518468,0.9959880495091763,11696,0.9998766041461007,0.9990136851189743,8104,0.9976602714085167,0.9957963568425969,2137,0.9314586994727593,0.9760589318600368,569,0.7631578947368421,0.8529411764705882,38
rev1.0,nsl_kdd,4,880004,xgboost,17,0.9966288147622427,3.9,0.9977770177838577,0.996073745305565,11696,1.0,0.9990138067061144,8104,0.9981282171268133,0.9971949509116409,2137,0.9349736379613357,0.9779411764705882,569,0.7631578947368421,0.8787878787878788,38
rev1.0,nsl_kdd,4,880004,xgboost,18,0.9967175301632364,3.86,0.9978625170998632,0.9960740803960058,11696,1.0,0.9991369744791024,8104,0.9981282171268133,0.9967289719626168,2137,0.9349736379613357,0.981549815498155,569,0.7894736842105263,0.8823529411764706,38
rev1.0,nsl_kdd,4,880004,xgboost,19,0.9964957416607523,3.83,0.9977770177838577,0.9957337883959044,11696,0.9998766041461007,0.9990136851189743,8104,0.9981282171268133,0.9953336444237051,2137,0.929701230228471,0.9851024208566108,569,0.7894736842105263,0.9090909090909091,38
rev1.0,nsl_kdd,4,880004,xgboost,20,0.9964070262597587,3.88,0.9976060191518468,0.9959880495091763,11696,0.9997532082922014,0.998890395758846,8104,0.9976602714085167,0.9957963568425969,2137,0.9332161687170475,0.9797047970479705,569,0.7894736842105263,0.8571428571428571,38
rev1.0,nsl_kdd,4,880004,xgboost,21,0.9964513839602555,3.84,0.9976060191518468,0.9959030385797201,11696,1.0,0.9990138067061144,8104,0.9981282171268133,0.9957983193277311,2137,0.9314586994727593,0.9796672828096118,569,0.7631578947368421,0.8787878787878788,38
rev1.0,nsl_kdd,4,880004,xgboost,22,0.9963626685592619,3.8,0.9975205198358413,0.9958176852167976,11696,0.9998766041461007,0.9988905325443787,8104,0.9981282171268133,0.9953336444237051,2137,0.9314586994727593,0.9814814814814815,569,0.7631578947368421,0.8787878787878788,38
rev1.0,nsl_kdd,4,880004,xgboost,23,0.9964513839602555,3.84,0.9975205198358413,0.9959877070172444,11696,1.0,0.9990138067061144,8104,0.9981282171268133,0.9957983193277311,2137,0.9332161687170475,0.9797047970479705,569,0.7631578947368421,0.8529411764705882,38
rev1.0,nsl_kdd,4,880004,xgboost,24,0.9962739531582683,3.83,0.9976060191518468,0.9957330602491893,11696,1.0,0.9988906692961913,8104,0.9976602714085167,0.9957963568425969,2137,0.929701230228471,0.9796296296296296,569,0.7105263157894737,0.84375,38
rev1.0,nsl_kdd,4,880004,xgboost,25,0.9965844570617459,3.83,0.9979480164158687,0.9958194693285556,11696,0.9998766041461007,0.9990136851189743,8104,0.9976602714085167,0.9962616822429906,2137,0.929701230228471,0.9869402985074627,569,0.8157894736842105,0.8611111111111112,38
rev1.0,nsl_kdd,4,880004,xgboost,26,0.9964513839602555,3.89,0.9979480164158687,0.9956495777531349,11696,0.9998766041461007,0.9990136851189743,8104,0.9976602714085167,0.9962616822429906,2137,0.9332161687170475,0.9833333333333333,569,0.6842105263157895,0.8666666666666667,38
rev1.0,nsl_kdd,4,880004,xgboost,27,0.9964957416607523,3.84,0.9977770177838577,0.9958187558665416,11696,1.0,0.9991369744791024,8104,0.9976602714085167,0.9962616822429906,2137,0.9314586994727593,0.9814814814814815,569,0.7631578947368421,0.8529411764705882,38
rev1.0,nsl_kdd,4,880004,xgboost,28,0.9964513839602555,3.85,0.9974350205198358,0.9960724043715847,11696,1.0,0.9990138067061144,8104,0.99859616284511,0.9958002799813346,2137,0.9332161687170475,0.9779005524861878,569,0.7631578947368421,0.8529411764705882,38
rev1.0,nsl_kdd,4,880004,xgboost,29,0.9964513839602555,3.88,0.9976915184678523,0.9958183990442055,11696,0.9998766041461007,0.9988905325443787,8104,0.9981282171268133,0.9962634283045306,2137,0.9314586994727593,0.9833024118738405,569,0.7631578947368421,0.8529411764705882,38
rev1.0,nsl_kdd,4,880004,xgboost,30,0.9964513839602555,3.87,0.9976060191518468,0.9958180421609627,11696,0.9998766041461007,0.9990136851189743,8104,0.99859616284511,0.9958002799813346,2137,0.929701230228471,0.9814471243042672,569,0.7894736842105263,0.8823529411764706,38
rev1.0,nsl_kdd,4,880004,xgboost,31,0.9964957416607523,3.89,0.9976915184678523,0.9959883919426425,11696,0.9998766041461007,0.9990136851189743,8104,0.9981282171268133,0.9957983193277311,2137,0.9314586994727593,0.9814814814814815,569,0.7894736842105263,0.8571428571428571,38
rev1.0,nsl_kdd,4,880004,xgboost,32,0.9964070262597587,3.85,0.9975205198358413,0.9959026888604353,11696,0.9998766041461007,0.9990136851189743,8104,0.9976602714085167,0.9957963568425969,2137,0.9332161687170475,0.9797047970479705,569,0.7894736842105263,0.8571428571428571,38
rev1.0,nsl_kdd,4,880004,xgboost,33,0.9963183108587651,3.87,0.9974350205198358,0.995902339081441,11696,1.0,0.9990138067061144,8104,0.9976602714085167,0.9953314659197012,2137,0.9332161687170475,0.9761029411764706,569,0.7368421052631579,0.875,38
rev1.0,nsl_kdd,4,880004,xgboost,34,0.9965400993612491,3.88,0.9978625170998632,0.9957341523760771,11696,0.9998766041461007,0.9991368680641184,8104,0.9981282171268133,0.9967289719626168,2137,0.9332161687170475,0.9797047970479705,569,0.7368421052631579,0.9032258064516129,38
rev1.0,nsl_kdd,4,880004,xgboost,35,0.9965844570617459,3.82,0.9978625170998632,0.995989076634238,11696,1.0,0.9990138067061144,8104,0.9981282171268133,0.9967289719626168,2137,0.9314586994727593,0.9814814814814815,569,0.7631578947368421,0.8529411764705882,38
rev1.0,nsl_kdd,4,880004,xgboost,36,0.9964513839602555,3.85,0.9977770177838577,0.9957337883959044,11696,0.9998766041461007,0.9990136851189743,8104,0.9981282171268133,0.9957983193277311,2137,0.929701230228471,0.983271375464684,569,0.7631578947368421,0.8787878787878788,38
rev1.0,nsl_kdd,4,880004,xgboost,37,0.9965844570617459,3.85,0.9976915184678523,0.9959883919426425,11696,1.0,0.9991369744791024,8104,0.99859616284511,0.996265172735761,2137,0.9314586994727593,0.9796672828096118,569,0.7894736842105263,0.8823529411764706,38
rev1.0,nsl_kdd,4,880004,xgboost,38,0.9965844570617459,3.85,0.9977770177838577,0.9959887343176581,11696,1.0,0.9990138067061144,8104,0.99859616284511,0.9958002799813346,2137,0.9332161687170475,0.9833333333333333,569,0.7368421052631579,0.875,38
rev1.0,nsl_kdd,4,880004,xgboost,39,0.9965844570617459,3.84,0.9977770177838577,0.9959037378392217,11696,1.0,0.9990138067061144,8104,0.9976602714085167,0.9967274427302478,2137,0.9349736379613357,0.981549815498155,569,0.7631578947368421,0.8787878787878788,38
rev1.0,nsl_kdd,5,880005,lightgbm,0,0.9964513839602555,3.62,0.9978625170998632,0.9959040873794692,11696,0.9996298124383021,0.9996298124383021,8104,0.9953205428170332,0.9957865168539326,2137,0.9402460456942003,0.9709618874773139,569,0.7894736842105263,0.8823529411764706,38
rev1.0,nsl_kdd,5,880005,lightgbm,1,0.9488112136266856,3.47,0.9631497948016415,0.9645517595684562,11696,0.964832181638697,0.9609192577116874,8104,0.8900327562002808,0.9104834849210148,2137,0.7047451669595782,0.6705685618729097,569,0.07894736842105263,0.07317073170731707,38
rev1.0,nsl_kdd,5,880005,lightgbm,2,0.975958126330731,3.48,0.9832421340629275,0.9780574927708794,11696,0.9795162882527148,0.984863523573201,8104,0.9489939167056621,0.9643366619115549,2137,0.8963093145869947,0.8732876712328768,569,0.6842105263157895,0.6666666666666666,38
rev1.0,nsl_kdd,5,880005,lightgbm,3,0.9799946770759403,3.44,0.9857216142270862,0.9837870125437324,11696,0.9888943731490621,0.9868242827238025,8104,0.9588207767898924,0.9601686972820993,2137,0.8804920913884007,0.8962432915921288,569,0.0,0.0,38
rev1.0,nsl_kdd,5,880005,lightgbm,4,0.9755589070262598,3.56,0.9826436388508892,0.9865236051502146,11696,0.9888943731490621,0.9856106259992621,8104,0.9101544220870379,0.9739609414121182,2137,0.9191564147627417,0.7174211248285323,569,0.47368421052631576,0.4864864864864865,38
rev1.0,nsl_kdd,5,880005,lightgbm,5,0.9962739531582683,3.73,0.9982045143638851,0.995480900409277,11696,0.9995064165844028,0.9996297667530544,8104,0.9939167056621432,0.9962476547842402,2137,0.9384885764499121,0.978021978021978,569,0.7105263157894737,0.7714285714285715,38
rev1.0,nsl_kdd,5,880005,lightgbm,6,0.9520493257629524,3.67,0.9610123119015048,0.9601093362945247,11696,0.9579220138203356,0.9523984787142682,8104,0.9195133364529715,0.9479015918958031,2137,0.843585237258348,0.8391608391608392,569,0.39473684210526316,0.36585365853658536,38
rev1.0,nsl_kdd,5,880005,lightgbm,7,0.9967618878637331,3.65,0.9980335157318742,0.9962447725527012,11696,0.9995064165844028,0.9996297667530544,8104,0.9962564342536265,0.9962564342536265,2137,0.9420035149384886,0.979890310786106,569,0.868421052631579,0.825,38
rev1.0,nsl_kdd,5,880005,lightgbm,8,0.955597941802697,3.67,0.9681942544459644,0.9698526892771497,11696,0.9601431391905232,0.9594327990135635,8104,0.9167056621431914,0.914992993928071,2137,0.8101933216168717,0.8130511463844797,569,0.47368421052631576,0.36,38
rev1.0,nsl_kdd,5,880005,lightgbm,9,0.9965844570617459,3.7,0.9981190150478796,0.9960750853242321,11696,0.9996298124383021,0.9995064774830351,8104,0.9953205428170332,0.9953205428170332,2137,0.9420035149384886,0.9781021897810219,569,0.7631578947368421,0.8529411764705882,38
rev1.0,nsl_kdd,5,880005,lightgbm,10,0.9600337118523776,3.33,0.9727257181942545,0.9726425579208344,11696,0.9711253701875617,0.9711253701875617,8104,0.9284043051006083,0.9443122322703474,2137,0.7152899824253075,0.7537037037037037,569,0.13157894736842105,0.049019607843137254,38
rev1.0,nsl_kdd,5,880005,lightgbm,11,0.9831884315117104,3.46,0.9876025991792066,0.9873493460979571,11696,0.9917324777887463,0.9869826845143068,8104,0.9616284510996724,0.9670588235294117,2137,0.8875219683655536,0.9386617100371747,569,0.4473684210526316,0.4358974358974359,38
rev1.0,nsl_kdd,5,880005,lightgbm,12,0.9964070262597587,3.68,0.9977770177838577,0.9959037378392217,11696,0.9993830207305034,0.9995063556707392,8104,0.9953205428170332,0.9948550046772685,2137,0.9437609841827768,0.9763636363636363,569,0.7894736842105263,0.8571428571428571,38
rev1.0,nsl_kdd,5,880005,lightgbm,13,0.9964070262597587,3.8,0.9978625170998632,0.9959040873794692,11696,0.9993830207305034,0.9995063556707392,8104,0.9953205428170332,0.9957865168539326,2137,0.9437609841827768,0.9799270072992701,569,0.7631578947368421,0.7631578947368421,38
rev1.0,nsl_kdd,5,880005,lightgbm,14,0.9963183108587651,3.74,0.9982045143638851,0.9955657883516671,11696,0.9993830207305034,0.9996297210565293,8104,0.9953205428170332,0.9962529274004683,2137,0.9367311072056239,0.9761904761904762,569,0.7105263157894737,0.7941176470588235,38
rev1.0,nsl_kdd,5,880005,lightgbm,15,0.9962739531582683,3.65,0.9980335157318742,0.9954801296264711,11696,0.9995064165844028,0.9995064165844028,8104,0.9953205428170332,0.9962529274004683,2137,0.9384885764499121,0.9762340036563071,569,0.6842105263157895,0.8125,38
rev1.0,nsl_kdd,5,880005,lightgbm,16,0.9881121362668559,3.44,0.9919630642954856,0.9903542466922749,11696,0.9965449160908193,0.9945812807881773,8104,0.9653720168460459,0.9870813397129187,2137,0.8927943760984183,0.8991150442477877,569,0.7105263157894737,0.5,38
rev1.0,nsl_kdd,5,880005,lightgbm,17,0.9965844570617459,3.63,0.9979480164158687,0.995989418892397,11696,0.9993830207305034,0.9995063556707392,8104,0.9967243799719232,0.9957924263674615,2137,0.9402460456942003,0.9798534798534798,569,0.8157894736842105,0.8378378378378378,38
rev1.0,nsl_kdd,5,880005,lightgbm,18,0.9964513839602555,3.7,0.9980335157318742,0.9958198259682648,11696,0.9993830207305034,0.9996297210565293,8104,0.9957884885353299,0.9962546816479401,2137,0.9402460456942003,0.9744990892531876,569,0.7631578947368421,0.8285714285714286,38
rev1.0,nsl_kdd,5,880005,lightgbm,19,0.9692601135557133,3.69,0.9728112175102599,0.9793423997245654,11696,0.9823543928923988,0.9710905098804586,8104,0.9452503509592888,0.9443665264142123,2137,0.8400702987697716,0.8628158844765343,569,0.3684210526315789,0.4,38
rev1.0,nsl_kdd,5,880005,lightgbm,20,0.9964513839602555,3.73,0.9979480164158687,0.9960744154292541,11696,0.9996298124383021,0.9995064774830351,8104,0.9957884885353299,0.9971883786316776,2137,0.9402460456942003,0.9744990892531876,569,0.7368421052631579,0.7368421052631579,38
rev1.0,nsl_kdd,5,880005,lightgbm,21,0.9585255500354861,3.39,0.9628077975376197,0.9694387052341598,11696,0.9692744323790721,0.9689157518194154,8104,0.9457182966775854,0.9435107376283847,2137,0.8084358523725835,0.736,569,0.3157894736842105,0.2222222222222222,38
rev1.0,nsl_kdd,5,880005,lightgbm,22,0.9966288147622427,3.69,0.9982045143638851,0.9960754201859909,11696,0.9993830207305034,0.9996297210565293,8104,0.9962564342536265,0.9957904583723106,2137,0.9420035149384886,0.9727767695099818,569,0.7631578947368421,0.90625,38
rev1.0,nsl_kdd,5,880005,lightgbm,23,0.9957860184528035,3.81,0.996922024623803,0.9956451199726752,11696,0.9993830207305034,0.9996297210565293,8104,0.9957884885353299,0.9971883786316776,2137,0.9349736379613357,0.9779411764705882,569,0.7894736842105263,0.5660377358490566,38
rev1.0,nsl_kdd,5,880005,lightgbm,24,0.9962295954577715,3.75,0.9981190150478796,0.9953107681814306,11696,0.9992596248766041,0.9996296753487224,8104,0.9957884885353299,0.9957884885353299,2137,0.9384885764499121,0.9744525547445255,569,0.6578947368421053,0.8620689655172413,38
rev1.0,nsl_kdd,5,880005,lightgbm,25,0.9964957416607523,3.8,0.9982045143638851,0.995480900409277,11696,0.9992596248766041,0.9996296753487224,8104,0.9962564342536265,0.9967228464419475,2137,0.9402460456942003,0.9780621572212066,569,0.7368421052631579,0.875,38
rev1.0,nsl_kdd,5,880005,lightgbm,26,0.9965400993612491,3.77,0.9979480164158687,0.9959044368600682,11696,0.9993830207305034,0.9995063556707392,8104,0.9957884885353299,0.9962546816479401,2137,0.9420035149384886,0.979890310786106,569,0.8157894736842105,0.8157894736842105,38
rev1.0,nsl_kdd,5,880005,lightgbm,27,0.9968062455642299,3.73,0.9979480164158687,0.9964145466962608,11696,0.9995064165844028,0.9995064165844028,8104,0.9967243799719232,0.9967243799719232,2137,0.945518453427065,0.9764065335753176,569,0.8421052631578947,0.8421052631578947,38
rev1.0,nsl_kdd,5,880005,lightgbm,28,0.9344393186657204,3.73,0.949469904240766,0.9638083666030203,11696,0.9469397828232972,0.9444923076923077,8104,0.883949461862424,0.8923004251299008,2137,0.6608084358523726,0.5595238095238095,569,0.5789473684210527,0.2037037037037037,38
rev1.0,nsl_kdd,5,880005,lightgbm,29,0.9962295954577715,3.77,0.9978625170998632,0.9956492066200308,11696,0.9990128331688055,0.9993827922478706,8104,0.9957884885353299,0.9953227315247896,2137,0.9402460456942003,0.9780621572212066,569,0.7631578947368421,0.8055555555555556,38
rev1.0,nsl_kdd,5,880005,lightgbm,30,0.9962295954577715,3.69,0.9979480164158687,0.9954797441364606,11696,0.9993830207305034,0.9996297210565293,8104,0.9948525970987365,0.9957845433255269,2137,0.9384885764499121,0.9762340036563071,569,0.7368421052631579,0.8,38
rev1.0,nsl_kdd,5,880005,lightgbm,31,0.9604772888573456,3.34,0.9747777017783857,0.9719522591645354,11696,0.9622408687068115,0.9703832752613241,8104,0.9354234908750585,0.9537213740458015,2137,0.7838312829525483,0.7907801418439716,569,0.23684210526315788,0.07627118644067797,38
rev1.0,nsl_kdd,5,880005,lightgbm,32,0.9631831085876508,3.64,0.9685362517099864,0.9749548153885876,11696,0.9745804540967423,0.9724205860625462,8104,0.926064576509125,0.94688995215311,2137,0.8541300527240774,0.7928221859706363,569,0.6052631578947368,0.23,38
rev1.0,nsl_kdd,5,880005,lightgbm,33,0.9684616749467707,3.3,0.9665697674418605,0.982360097323601,11696,0.9860562685093781,0.98193659375768,8104,0.9672437997192326,0.9507819687212512,2137,0.7978910369068541,0.7049689440993789,569,0.42105263157894735,0.2,38
rev1.0,nsl_kdd,5,880005,lightgbm,34,0.9775993612491128,3.4,0.9761456908344733,0.9894271600658636,11696,0.9898815399802566,0.9771010962241169,8104,0.9644361254094524,0.959944108057755,2137,0.8980667838312829,0.8559463986599665,569,0.7368421052631579,0.5490196078431373,38
rev1.0,nsl_kdd,5,880005,lightgbm,35,0.9962295954577715,3.73,0.9975205198358413,0.995647721454173,11696,0.9996298124383021,0.9996298124383021,8104,0.9967243799719232,0.9957924263674615,2137,0.9384885764499121,0.9762340036563071,569,0.7105263157894737,0.75,38
rev1.0,nsl_kdd,5,880005,lightgbm,36,0.9834989354151881,3.74,0.9874316005471956,0.987178391315497,11696,0.9913622902270484,0.9879488440727988,8104,0.9597566682264858,0.9711174242424242,2137,0.9033391915641477,0.9162210338680927,569,0.631578947368421,0.6,38
rev1.0,nsl_kdd,5,880005,lightgbm,37,0.9810592618878637,3.52,0.9863201094391245,0.987417615338526,11696,0.9922260612043435,0.9884449907805778,8104,0.9770706598034627,0.9644341801385681,2137,0.7697715289982425,0.8111111111111111,569,0.3684210526315789,0.6666666666666666,38
rev1.0,nsl_kdd,5,880005,lightgbm,38,0.9968506032647267,3.8,0.9980335157318742,0.9966700819672131,11696,0.9996298124383021,0.9996298124383021,8104,0.9962564342536265,0.9953249181860683,2137,0.9472759226713533,0.98,569,0.8157894736842105,0.7948717948717948,38
rev1.0,nsl_kdd,5,880005,lightgbm,39,0.9964513839602555,3.76,0.9980335157318742,0.9956499488229273,11696,0.9993830207305034,0.9995063556707392,8104,0.9957884885353299,0.9962546816479401,2137,0.9402460456942003,0.9762773722627737,569,0.7631578947368421,0.8787878787878788,38
rev1.0,nsl_kdd,5,880005,xgboost,0,0.9966731724627396,3.74,0.9979480164158687,0.9961594264743535,11696,0.9997532082922014,0.9995065383666419,8104,0.9962564342536265,0.9953249181860683,2137,0.9384885764499121,0.978021978021978,569,0.8421052631578947,0.8888888888888888,38
rev1.0,nsl_kdd,5,880005,xgboost,1,0.9966731724627396,3.93,0.9981190150478796,0.9959901032335124,11696,0.9996298124383021,0.9996298124383021,8104,0.9953205428170332,0.9957865168539326,2137,0.9402460456942003,0.9780621572212066,569,0.8421052631578947,0.8888888888888888,38
rev1.0,nsl_kdd,5,880005,xgboost,2,0.9966288147622427,3.81,0.9976915184678523,0.9964136282127914,11696,0.9995064165844028,0.9995064165844028,8104,0.9967243799719232,0.9953271028037384,2137,0.9437609841827768,0.9710669077757685,569,0.8421052631578947,0.8888888888888888,38
rev1.0,nsl_kdd,5,880005,xgboost,3,0.9968949609652236,3.96,0.9981190150478796,0.9964151587572551,11696,0.9995064165844028,0.9995064165844028,8104,0.9962564342536265,0.9957904583723106,2137,0.9472759226713533,0.98,569,0.8421052631578947,0.8888888888888888,38
rev1.0,nsl_kdd,5,880005,xgboost,4,0.9965844570617459,3.79,0.9980335157318742,0.9958198259682648,11696,0.9995064165844028,0.9996297667530544,8104,0.9953205428170332,0.9957865168539326,2137,0.9402460456942003,0.9780621572212066,569,0.8421052631578947,0.8888888888888888,38
rev1.0,nsl_kdd,5,880005,xgboost,5,0.9966731724627396,3.99,0.9979480164158687,0.99624445203141,11696,0.9996298124383021,0.9993831729583025,8104,0.9953205428170332,0.9953205428170332,2137,0.9437609841827768,0.9781420765027322,569,0.8421052631578947,0.8888888888888888,38
rev1.0,nsl_kdd,5,880005,xgboost,6,0.9966731724627396,3.72,0.9979480164158687,0.9960744154292541,11696,0.9996298124383021,0.9996298124383021,8104,0.9962564342536265,0.9957904583723106,2137,0.9402460456942003,0.9762773722627737,569,0.8421052631578947,0.8888888888888888,38
rev1.0,nsl_kdd,5,880005,xgboost,7,0.9965844570617459,3.85,0.9978625170998632,0.9960740803960058,11696,0.9995064165844028,0.9995064165844028,8104,0.9948525970987365,0.9957845433255269,2137,0.945518453427065,0.9746376811594203,569,0.8421052631578947,0.8888888888888888,38
rev1.0,nsl_kdd,5,880005,xgboost,8,0.9966731724627396,3.75,0.9981190150478796,0.9959901032335124,11696,0.9995064165844028,0.9995064165844028,8104,0.9953205428170332,0.9953205428170332,2137,0.9420035149384886,0.9816849816849816,569,0.8421052631578947,0.8888888888888888,38
rev1.0,nsl_kdd,5,880005,xgboost,9,0.9965844570617459,3.77,0.9977770177838577,0.996073745305565,11696,0.9995064165844028,0.9995064165844028,8104,0.9957884885353299,0.9948574100046751,2137,0.9437609841827768,0.9781420765027322,569,0.8421052631578947,0.8888888888888888,38
rev1.0,nsl_kdd,5,880005,xgboost,10,0.9964957416607523,3.94,0.9976915184678523,0.9959883919426425,11696,0.9996298124383021,0.9993831729583025,8104,0.9953205428170332,0.9953205428170332,2137,0.9420035149384886,0.97632058287796,569,0.8421052631578947,0.8888888888888888,38
rev1.0,nsl_kdd,5,880005,xgboost,11,0.9964957416607523,3.91,0.9978625170998632,0.9959040873794692,11696,0.9995064165844028,0.9995064165844028,8104,0.9948525970987365,0.9953183520599251,2137,0.9420035149384886,0.97632058287796,569,0.8421052631578947,0.8888888888888888,38
rev1.0,nsl_kdd,5,880005,xgboost,12,0.9966288147622427,3.94,0.9978625170998632,0.9963291787604576,11696,0.9996298124383021,0.9995064774830351,8104,0.9948525970987365,0.9948525970987365,2137,0.9472759226713533,0.9746835443037974,569,0.8157894736842105,0.8857142857142857,38
rev1.0,nsl_kdd,5,880005,xgboost,13,0.9966288147622427,3.85,0.9979480164158687,0.99624445203141,11696,0.9995064165844028,0.9995064165844028,8104,0.9957884885353299,0.9953227315247896,2137,0.9437609841827768,0.9745916515426497,569,0.8157894736842105,0.8857142857142857,38
rev1.0,nsl_kdd,5,880005,xgboost,14,0.9967618878637331,4.24,0.9980335157318742,0.9961597542242704,11696,0.9993830207305034,0.9996297210565293,8104,0.9957884885353299,0.9953227315247896,2137,0.9472759226713533,0.98,569,0.8421052631578947,0.8888888888888888,38
rev1.0,nsl_kdd,5,880005,xgboost,15,0.9968062455642299,3.86,0.9980335157318742,0.9964148527528809,11696,0.9996298124383021,0.9996298124383021,8104,0.9962564342536265,0.9953249181860683,2137,0.9437609841827768,0.9763636363636363,569,0.8421052631578947,0.8888888888888888,38
rev1.0,nsl_kdd,5,880005,xgboost,16,0.9966288147622427,3.85,0.9978625170998632,0.9961590986684875,11696,0.9996298124383021,0.9995064774830351,8104,0.9953205428170332,0.9953205428170332,2137,0.9437609841827768,0.9763636363636363,569,0.8421052631578947,0.8888888888888888,38
rev1.0,nsl_kdd,5,880005,xgboost,17,0.9964957416607523,3.93,0.9978625170998632,0.995989076634238,11696,0.9995064165844028,0.9995064165844028,8104,0.9948525970987365,0.9948525970987365,2137,0.9437609841827768,0.9763636363636363,569,0.8157894736842105,0.8857142857142857,38
rev1.0,nsl_kdd,5,880005,xgboost,18,0.9966288147622427,3.82,0.9977770177838577,0.9962438108246543,11696,0.9996298124383021,0.9995064774830351,8104,0.9957884885353299,0.9948574100046751,2137,0.9437609841827768,0.9763636363636363,569,0.8421052631578947,0.8888888888888888,38
rev1.0,nsl_kdd,5,880005,xgboost,19,0.9965844570617459,3.85,0.9976060191518468,0.9962431693989071,11696,0.9996298124383021,0.9995064774830351,8104,0.9962564342536265,0.9948598130841122,2137,0.9437609841827768,0.9745916515426497,569,0.8421052631578947,0.8888888888888888,38
rev1.0,nsl_kdd,5,880005,xgboost,20,0.9966731724627396,3.9,0.9979480164158687,0.995989418892397,11696,0.9995064165844028,0.9995064165844028,8104,0.9953205428170332,0.9957865168539326,2137,0.945518453427065,0.9799635701275046,569,0.8421052631578947,0.8888888888888888,38
rev1.0,nsl_kdd,5,880005,xgboost,21,0.9967175301632364,3.86,0.9977770177838577,0.9963288653632716,11696,0.9995064165844028,0.9996297667530544,8104,0.9967243799719232,0.9948622139187295,2137,0.945518453427065,0.9764065335753176,569,0.8421052631578947,0.8888888888888888,38
rev1.0,nsl_kdd,5,880005,xgboost,22,0.9968062455642299,4.28,0.9981190150478796,0.9962450930192865,11696,0.9996298124383021,0.9995064774830351,8104,0.9962564342536265,0.9957904583723106,2137,0.9420035149384886,0.979890310786106,569,0.8421052631578947,0.8888888888888888,38
rev1.0,nsl_kdd,5,880005,xgboost,23,0.9966288147622427,3.87,0.9978625170998632,0.9960740803960058,11696,0.9996298124383021,0.9995064774830351,8104,0.9962564342536265,0.9948598130841122,2137,0.9402460456942003,0.9780621572212066,569,0.8421052631578947,0.9142857142857143,38
rev1.0,nsl_kdd,5,880005,xgboost,24,0.9967618878637331,4.55,0.9979480164158687,0.9964145466962608,11696,0.9993830207305034,0.9995063556707392,8104,0.9957884885353299,0.9953227315247896,2137,0.9490333919156415,0.976491862567812,569,0.8421052631578947,0.8888888888888888,38
rev1.0,nsl_kdd,5,880005,xgboost,25,0.9965400993612491,3.89,0.9981190150478796,0.9957352439440464,11696,0.9995064165844028,0.9996297667530544,8104,0.9953205428170332,0.9957865168539326,2137,0.9384885764499121,0.978021978021978,569,0.8157894736842105,0.8857142857142857,38
rev1.0,nsl_kdd,5,880005,xgboost,26,0.9966288147622427,3.91,0.9979480164158687,0.9960744154292541,11696,0.9995064165844028,0.9995064165844028,8104,0.9953205428170332,0.9953205428170332,2137,0.9437609841827768,0.9781420765027322,569,0.8421052631578947,0.8888888888888888,38
rev1.0,nsl_kdd,5,880005,xgboost,27,0.9964957416607523,5.07,0.9978625170998632,0.9959040873794692,11696,0.9995064165844028,0.999383096853794,8104,0.9948525970987365,0.9957845433255269,2137,0.9420035149384886,0.97632058287796,569,0.8421052631578947,0.8888888888888888,38
rev1.0,nsl_kdd,5,880005,xgboost,28,0.9968506032647267,3.84,0.9980335157318742,0.9964148527528809,11696,0.9995064165844028,0.9996297667530544,8104,0.9967243799719232,0.9957924263674615,2137,0.945518453427065,0.9764065335753176,569,0.8421052631578947,0.8888888888888888,38
rev1.0,nsl_kdd,5,880005,xgboost,29,0.9966288147622427,3.84,0.9977770177838577,0.9962438108246543,11696,0.9995064165844028,0.9995064165844028,8104,0.9953205428170332,0.9953205428170332,2137,0.9472759226713533,0.9746835443037974,569,0.8421052631578947,0.8888888888888888,38
rev1.0,nsl_kdd,5,880005,xgboost,30,0.9966731724627396,3.86,0.9978625170998632,0.996244131455399,11696,0.9995064165844028,0.9996297667530544,8104,0.9967243799719232,0.9948622139187295,2137,0.9420035149384886,0.97632058287796,569,0.8421052631578947,0.8888888888888888,38
rev1.0,nsl_kdd,5,880005,xgboost,31,0.9966288147622427,3.84,0.9980335157318742,0.9960747504053247,11696,0.9993830207305034,0.9995063556707392,8104,0.9953205428170332,0.9953205428170332,2137,0.9437609841827768,0.9781420765027322,569,0.8421052631578947,0.8888888888888888,38
rev1.0,nsl_kdd,5,880005,xgboost,32,0.9966288147622427,3.85,0.9979480164158687,0.995989418892397,11696,0.9996298124383021,0.9996298124383021,8104,0.9948525970987365,0.9948525970987365,2137,0.9437609841827768,0.9799270072992701,569,0.8421052631578947,0.8888888888888888,38
rev1.0,nsl_kdd,5,880005,xgboost,33,0.9966731724627396,3.86,0.9979480164158687,0.99632949210414,11696,0.9995064165844028,0.9995064165844028,8104,0.9953205428170332,0.9953205428170332,2137,0.945518453427065,0.9746376811594203,569,0.8421052631578947,0.8888888888888888,38
rev1.0,nsl_kdd,5,880005,xgboost,34,0.9968949609652236,3.85,0.9977770177838577,0.9965841161400513,11696,0.9995064165844028,0.9996297667530544,8104,0.99719232569022,0.9948646125116714,2137,0.9507908611599297,0.9783001808318263,569,0.8421052631578947,0.8888888888888888,38
rev1.0,nsl_kdd,5,880005,xgboost,35,0.9966731724627396,3.84,0.9976915184678523,0.9964136282127914,11696,0.9996298124383021,0.9996298124383021,8104,0.9957884885353299,0.9953227315247896,2137,0.9490333919156415,0.9712230215827338,569,0.8157894736842105,0.8857142857142857,38
rev1.0,nsl_kdd,5,880005,xgboost,36,0.9968506032647267,3.9,0.9981190150478796,0.9963301186310489,11696,0.9996298124383021,0.9995064774830351,8104,0.9962564342536265,0.9957904583723106,2137,0.9437609841827768,0.9799270072992701,569,0.8421052631578947,0.8888888888888888,38
rev1.0,nsl_kdd,5,880005,xgboost,37,0.9965400993612491,3.84,0.9976915184678523,0.9961584428888509,11696,0.9996298124383021,0.9995064774830351,8104,0.9953205428170332,0.9953205428170332,2137,0.9437609841827768,0.9728260869565217,569,0.8421052631578947,0.8888888888888888,38
rev1.0,nsl_kdd,5,880005,xgboost,38,0.9966288147622427,3.82,0.9979480164158687,0.9961594264743535,11696,0.9995064165844028,0.9995064165844028,8104,0.9948525970987365,0.9953183520599251,2137,0.945518453427065,0.9764065335753176,569,0.8421052631578947,0.8888888888888888,38
rev1.0,nsl_kdd,5,880005,xgboost,39,0.9965844570617459,3.83,0.9977770177838577,0.9962438108246543,11696,0.9995064165844028,0.9995064165844028,8104,0.9957884885353299,0.994392523364486,2137,0.9437609841827768,0.9763636363636363,569,0.8421052631578947,0.8888888888888888,38
